-- phpMyAdmin SQL Dump
-- version 5.2.1
-- https://www.phpmyadmin.net/
--
-- Servidor: 127.0.0.1
-- Tiempo de generación: 20-04-2026 a las 15:17:54
-- Versión del servidor: 10.4.32-MariaDB
-- Versión de PHP: 8.2.12

SET SQL_MODE = "NO_AUTO_VALUE_ON_ZERO";
START TRANSACTION;
SET time_zone = "+00:00";


/*!40101 SET @OLD_CHARACTER_SET_CLIENT=@@CHARACTER_SET_CLIENT */;
/*!40101 SET @OLD_CHARACTER_SET_RESULTS=@@CHARACTER_SET_RESULTS */;
/*!40101 SET @OLD_COLLATION_CONNECTION=@@COLLATION_CONNECTION */;
/*!40101 SET NAMES utf8mb4 */;

--
-- Base de datos: `prestamos_je`
--

-- --------------------------------------------------------

--
-- Estructura de tabla para la tabla `auditoria_prestamos`
--

CREATE TABLE `auditoria_prestamos` (
  `id_auditoria` int(11) NOT NULL,
  `id_prestamo` int(11) NOT NULL,
  `usuario` varchar(100) NOT NULL,
  `rol` varchar(50) NOT NULL,
  `fecha_inicio_anterior` date DEFAULT NULL,
  `fecha_fin_anterior` date DEFAULT NULL,
  `fecha_inicio_nueva` date NOT NULL,
  `fecha_fin_nueva` date DEFAULT NULL,
  `fecha_modificacion` datetime NOT NULL
) ENGINE=InnoDB DEFAULT CHARSET=utf8mb4 COLLATE=utf8mb4_general_ci;

-- --------------------------------------------------------

--
-- Estructura de tabla para la tabla `bitacora`
--

CREATE TABLE `bitacora` (
  `id_bitacora` int(11) NOT NULL,
  `usuario` varchar(100) DEFAULT NULL,
  `accion` text DEFAULT NULL,
  `fecha` datetime DEFAULT current_timestamp()
) ENGINE=InnoDB DEFAULT CHARSET=utf8mb4 COLLATE=utf8mb4_general_ci;

--
-- Volcado de datos para la tabla `bitacora`
--

INSERT INTO `bitacora` (`id_bitacora`, `usuario`, `accion`, `fecha`) VALUES
(1, 'admin', 'Modificó tarjeta de pagos del préstamo #77 (cliente #75). Total: 900', '2026-04-17 21:44:47'),
(2, 'admin', 'Modificó tarjeta de pagos del préstamo #6 (cliente #100). Total: 600', '2026-04-18 13:16:23'),
(3, 'admin', 'Modificó tarjeta de pagos del préstamo #6 (cliente #100). Total: 720', '2026-04-18 13:16:46');

-- --------------------------------------------------------

--
-- Estructura de tabla para la tabla `caja`
--

CREATE TABLE `caja` (
  `id_caja` int(11) NOT NULL,
  `tipo` enum('ENTRADA','SALIDA') NOT NULL,
  `concepto` varchar(120) NOT NULL,
  `medio` enum('EFECTIVO','BANCO') NOT NULL,
  `monto` decimal(10,2) NOT NULL,
  `id_empleado` int(11) NOT NULL,
  `fecha` datetime DEFAULT current_timestamp(),
  `id_prestamo` int(11) DEFAULT NULL,
  `tipo_movimiento` enum('COBRO','PRESTAMO','BONO','GASTO','RETIRO','AJUSTE','RENOVACION') NOT NULL DEFAULT 'COBRO',
  `referencia_id` int(11) DEFAULT NULL
) ENGINE=InnoDB DEFAULT CHARSET=utf8mb4 COLLATE=utf8mb4_general_ci;

--
-- Volcado de datos para la tabla `caja`
--

INSERT INTO `caja` (`id_caja`, `tipo`, `concepto`, `medio`, `monto`, `id_empleado`, `fecha`, `id_prestamo`, `tipo_movimiento`, `referencia_id`) VALUES
(1, 'ENTRADA', 'INVERSIÓN DE CAPITAL · Registrado por: ADMIN', 'BANCO', 500000.00, 1, '2026-04-16 21:47:58', NULL, '', NULL),
(2, 'SALIDA', 'PRESTAMO MIGRACION #01', 'BANCO', 2000.00, 1, '2026-04-17 05:12:55', 1, 'PRESTAMO', NULL),
(3, 'ENTRADA', 'COBRO PRESTAMO MIGRACION #01 - CUOTA 1', 'EFECTIVO', 120.00, 1, '2026-03-10 00:00:00', 1, 'COBRO', NULL),
(4, 'ENTRADA', 'COBRO PRESTAMO MIGRACION #01 - CUOTA 2', 'EFECTIVO', 120.00, 1, '2026-03-11 00:00:00', 1, 'COBRO', NULL),
(5, 'ENTRADA', 'COBRO PRESTAMO MIGRACION #01 - CUOTA 3', 'EFECTIVO', 120.00, 1, '2026-03-12 00:00:00', 1, 'COBRO', NULL),
(6, 'ENTRADA', 'COBRO PRESTAMO MIGRACION #01 - CUOTA 4', 'EFECTIVO', 120.00, 1, '2026-03-13 00:00:00', 1, 'COBRO', NULL),
(7, 'ENTRADA', 'COBRO PRESTAMO MIGRACION #01 - CUOTA 5', 'EFECTIVO', 120.00, 1, '2026-03-17 00:00:00', 1, 'COBRO', NULL),
(8, 'ENTRADA', 'COBRO PRESTAMO MIGRACION #01 - CUOTA 6', 'EFECTIVO', 100.00, 1, '2026-03-18 00:00:00', 1, 'COBRO', NULL),
(9, 'ENTRADA', 'COBRO PRESTAMO MIGRACION #01 - CUOTA 7', 'EFECTIVO', 120.00, 1, '2026-03-19 00:00:00', 1, 'COBRO', NULL),
(10, 'ENTRADA', 'COBRO PRESTAMO MIGRACION #01 - CUOTA 8', 'EFECTIVO', 120.00, 1, '2026-03-25 00:00:00', 1, 'COBRO', NULL),
(11, 'ENTRADA', 'COBRO PRESTAMO MIGRACION #01 - CUOTA 9', 'EFECTIVO', 120.00, 1, '2026-03-28 00:00:00', 1, 'COBRO', NULL),
(12, 'ENTRADA', 'COBRO PRESTAMO MIGRACION #01 - CUOTA 10', 'EFECTIVO', 220.00, 1, '2026-04-01 00:00:00', 1, 'COBRO', NULL),
(13, 'ENTRADA', 'COBRO PRESTAMO MIGRACION #01 - CUOTA 11', 'EFECTIVO', 170.00, 1, '2026-04-06 00:00:00', 1, 'COBRO', NULL),
(14, 'ENTRADA', 'COBRO PRESTAMO MIGRACION #01 - CUOTA 12', 'EFECTIVO', 70.00, 1, '2026-04-07 00:00:00', 1, 'COBRO', NULL),
(15, 'ENTRADA', 'COBRO PRESTAMO MIGRACION #01 - CUOTA 13', 'EFECTIVO', 240.00, 1, '2026-04-09 00:00:00', 1, 'COBRO', NULL),
(16, 'ENTRADA', 'COBRO PRESTAMO MIGRACION #01 - CUOTA 14', 'EFECTIVO', 120.00, 1, '2026-04-10 00:00:00', 1, 'COBRO', NULL),
(17, 'ENTRADA', 'COBRO PRESTAMO MIGRACION #01 - CUOTA 15', 'EFECTIVO', 120.00, 1, '2026-04-13 00:00:00', 1, 'COBRO', NULL),
(18, 'ENTRADA', 'COBRO PRESTAMO MIGRACION #01 - CUOTA 16', 'EFECTIVO', 120.00, 1, '2026-04-14 00:00:00', 1, 'COBRO', NULL),
(19, 'ENTRADA', 'COBRO PRESTAMO MIGRACION #01 - CUOTA 17', 'EFECTIVO', 120.00, 1, '2026-04-15 00:00:00', 1, 'COBRO', NULL),
(20, 'ENTRADA', 'COBRO PRESTAMO MIGRACION #01 - CUOTA 18', 'EFECTIVO', 160.00, 1, '2026-04-16 00:00:00', 1, 'COBRO', NULL),
(21, 'SALIDA', 'PRESTAMO MIGRACION #02', 'BANCO', 2500.00, 1, '2026-04-17 05:13:47', 2, 'PRESTAMO', NULL),
(22, 'ENTRADA', 'COBRO PRESTAMO MIGRACION #02 - CUOTA 1', 'EFECTIVO', 150.00, 1, '2026-04-01 00:00:00', 2, 'COBRO', NULL),
(23, 'ENTRADA', 'COBRO PRESTAMO MIGRACION #02 - CUOTA 2', 'EFECTIVO', 150.00, 1, '2026-04-02 00:00:00', 2, 'COBRO', NULL),
(24, 'ENTRADA', 'COBRO PRESTAMO MIGRACION #02 - CUOTA 3', 'EFECTIVO', 150.00, 1, '2026-04-06 00:00:00', 2, 'COBRO', NULL),
(25, 'ENTRADA', 'COBRO PRESTAMO MIGRACION #02 - CUOTA 4', 'EFECTIVO', 150.00, 1, '2026-04-07 00:00:00', 2, 'COBRO', NULL),
(26, 'ENTRADA', 'COBRO PRESTAMO MIGRACION #02 - CUOTA 5', 'EFECTIVO', 150.00, 1, '2026-04-08 00:00:00', 2, 'COBRO', NULL),
(27, 'ENTRADA', 'COBRO PRESTAMO MIGRACION #02 - CUOTA 6', 'EFECTIVO', 150.00, 1, '2026-04-09 00:00:00', 2, 'COBRO', NULL),
(28, 'ENTRADA', 'COBRO PRESTAMO MIGRACION #02 - CUOTA 7', 'EFECTIVO', 150.00, 1, '2026-04-10 00:00:00', 2, 'COBRO', NULL),
(29, 'ENTRADA', 'COBRO PRESTAMO MIGRACION #02 - CUOTA 8', 'EFECTIVO', 150.00, 1, '2026-04-11 00:00:00', 2, 'COBRO', NULL),
(30, 'ENTRADA', 'COBRO PRESTAMO MIGRACION #02 - CUOTA 9', 'EFECTIVO', 150.00, 1, '2026-04-13 00:00:00', 2, 'COBRO', NULL),
(31, 'ENTRADA', 'COBRO PRESTAMO MIGRACION #02 - CUOTA 10', 'EFECTIVO', 150.00, 1, '2026-04-14 00:00:00', 2, 'COBRO', NULL),
(32, 'ENTRADA', 'COBRO PRESTAMO MIGRACION #02 - CUOTA 11', 'EFECTIVO', 150.00, 1, '2026-04-15 00:00:00', 2, 'COBRO', NULL),
(33, 'ENTRADA', 'COBRO PRESTAMO MIGRACION #02 - CUOTA 12', 'EFECTIVO', 1350.00, 1, '2026-04-16 00:00:00', 2, 'COBRO', NULL),
(34, 'SALIDA', 'PRESTAMO MIGRACION #03', 'BANCO', 60000.00, 1, '2026-04-17 05:15:59', 3, 'PRESTAMO', NULL),
(35, 'ENTRADA', 'COBRO PRESTAMO MIGRACION #03 - CUOTA 1', 'EFECTIVO', 3600.00, 1, '2026-03-21 00:00:00', 3, 'COBRO', NULL),
(36, 'ENTRADA', 'COBRO PRESTAMO MIGRACION #03 - CUOTA 2', 'EFECTIVO', 3600.00, 1, '2026-03-23 00:00:00', 3, 'COBRO', NULL),
(37, 'ENTRADA', 'COBRO PRESTAMO MIGRACION #03 - CUOTA 3', 'EFECTIVO', 3600.00, 1, '2026-03-24 00:00:00', 3, 'COBRO', NULL),
(38, 'ENTRADA', 'COBRO PRESTAMO MIGRACION #03 - CUOTA 4', 'EFECTIVO', 3600.00, 1, '2026-03-25 00:00:00', 3, 'COBRO', NULL),
(39, 'ENTRADA', 'COBRO PRESTAMO MIGRACION #03 - CUOTA 5', 'EFECTIVO', 3600.00, 1, '2026-03-26 00:00:00', 3, 'COBRO', NULL),
(40, 'ENTRADA', 'COBRO PRESTAMO MIGRACION #03 - CUOTA 6', 'EFECTIVO', 2900.00, 1, '2026-03-27 00:00:00', 3, 'COBRO', NULL),
(41, 'ENTRADA', 'COBRO PRESTAMO MIGRACION #03 - CUOTA 7', 'EFECTIVO', 2900.00, 1, '2026-03-28 00:00:00', 3, 'COBRO', NULL),
(42, 'ENTRADA', 'COBRO PRESTAMO MIGRACION #03 - CUOTA 8', 'EFECTIVO', 2900.00, 1, '2026-03-29 00:00:00', 3, 'COBRO', NULL),
(43, 'ENTRADA', 'COBRO PRESTAMO MIGRACION #03 - CUOTA 9', 'EFECTIVO', 2900.00, 1, '2026-03-30 00:00:00', 3, 'COBRO', NULL),
(44, 'ENTRADA', 'COBRO PRESTAMO MIGRACION #03 - CUOTA 10', 'EFECTIVO', 2900.00, 1, '2026-04-01 00:00:00', 3, 'COBRO', NULL),
(45, 'ENTRADA', 'COBRO PRESTAMO MIGRACION #03 - CUOTA 11', 'EFECTIVO', 2900.00, 1, '2026-04-02 00:00:00', 3, 'COBRO', NULL),
(46, 'ENTRADA', 'COBRO PRESTAMO MIGRACION #03 - CUOTA 12', 'EFECTIVO', 2900.00, 1, '2026-04-06 00:00:00', 3, 'COBRO', NULL),
(47, 'ENTRADA', 'COBRO PRESTAMO MIGRACION #03 - CUOTA 13', 'EFECTIVO', 5800.00, 1, '2026-04-08 00:00:00', 3, 'COBRO', NULL),
(48, 'ENTRADA', 'COBRO PRESTAMO MIGRACION #03 - CUOTA 14', 'EFECTIVO', 5800.00, 1, '2026-04-10 00:00:00', 3, 'COBRO', NULL),
(49, 'ENTRADA', 'COBRO PRESTAMO MIGRACION #03 - CUOTA 15', 'EFECTIVO', 2900.00, 1, '2026-04-13 00:00:00', 3, 'COBRO', NULL),
(50, 'ENTRADA', 'COBRO PRESTAMO MIGRACION #03 - CUOTA 16', 'EFECTIVO', 8700.00, 1, '2026-04-14 00:00:00', 3, 'COBRO', NULL),
(51, 'ENTRADA', 'COBRO PRESTAMO MIGRACION #03 - CUOTA 17', 'EFECTIVO', 10500.00, 1, '2026-04-16 00:00:00', 3, 'COBRO', NULL),
(52, 'SALIDA', 'PRESTAMO MIGRACION #04', 'BANCO', 1500.00, 1, '2026-04-17 05:17:41', 4, 'PRESTAMO', NULL),
(53, 'ENTRADA', 'COBRO PRESTAMO MIGRACION #04 - CUOTA 1', 'EFECTIVO', 100.00, 1, '2026-03-26 00:00:00', 4, 'COBRO', NULL),
(54, 'ENTRADA', 'COBRO PRESTAMO MIGRACION #04 - CUOTA 2', 'EFECTIVO', 100.00, 1, '2026-03-27 00:00:00', 4, 'COBRO', NULL),
(55, 'ENTRADA', 'COBRO PRESTAMO MIGRACION #04 - CUOTA 3', 'EFECTIVO', 200.00, 1, '2026-03-28 00:00:00', 4, 'COBRO', NULL),
(56, 'ENTRADA', 'COBRO PRESTAMO MIGRACION #04 - CUOTA 4', 'EFECTIVO', 100.00, 1, '2026-03-30 00:00:00', 4, 'COBRO', NULL),
(57, 'ENTRADA', 'COBRO PRESTAMO MIGRACION #04 - CUOTA 5', 'EFECTIVO', 200.00, 1, '2026-04-01 00:00:00', 4, 'COBRO', NULL),
(58, 'ENTRADA', 'COBRO PRESTAMO MIGRACION #04 - CUOTA 6', 'EFECTIVO', 100.00, 1, '2026-04-02 00:00:00', 4, 'COBRO', NULL),
(59, 'ENTRADA', 'COBRO PRESTAMO MIGRACION #04 - CUOTA 7', 'EFECTIVO', 200.00, 1, '2026-04-07 00:00:00', 4, 'COBRO', NULL),
(60, 'ENTRADA', 'COBRO PRESTAMO MIGRACION #04 - CUOTA 8', 'EFECTIVO', 100.00, 1, '2026-04-08 00:00:00', 4, 'COBRO', NULL),
(61, 'ENTRADA', 'COBRO PRESTAMO MIGRACION #04 - CUOTA 9', 'EFECTIVO', 100.00, 1, '2026-04-09 00:00:00', 4, 'COBRO', NULL),
(62, 'ENTRADA', 'COBRO PRESTAMO MIGRACION #04 - CUOTA 10', 'EFECTIVO', 100.00, 1, '2026-04-10 00:00:00', 4, 'COBRO', NULL),
(63, 'ENTRADA', 'COBRO PRESTAMO MIGRACION #04 - CUOTA 11', 'EFECTIVO', 100.00, 1, '2026-04-11 00:00:00', 4, 'COBRO', NULL),
(64, 'ENTRADA', 'COBRO PRESTAMO MIGRACION #04 - CUOTA 12', 'EFECTIVO', 100.00, 1, '2026-04-13 00:00:00', 4, 'COBRO', NULL),
(65, 'ENTRADA', 'COBRO PRESTAMO MIGRACION #04 - CUOTA 13', 'EFECTIVO', 100.00, 1, '2026-04-14 00:00:00', 4, 'COBRO', NULL),
(66, 'ENTRADA', 'COBRO PRESTAMO MIGRACION #04 - CUOTA 14', 'EFECTIVO', 100.00, 1, '2026-04-15 00:00:00', 4, 'COBRO', NULL),
(67, 'ENTRADA', 'COBRO PRESTAMO MIGRACION #04 - CUOTA 15', 'EFECTIVO', 100.00, 1, '2026-04-16 00:00:00', 4, 'COBRO', NULL),
(68, 'SALIDA', 'PRESTAMO MIGRACION #05', 'BANCO', 1500.00, 1, '2026-04-17 05:19:10', 5, 'PRESTAMO', NULL),
(69, 'ENTRADA', 'COBRO PRESTAMO MIGRACION #05 - CUOTA 1', 'EFECTIVO', 90.00, 1, '2026-03-24 00:00:00', 5, 'COBRO', NULL),
(70, 'ENTRADA', 'COBRO PRESTAMO MIGRACION #05 - CUOTA 2', 'EFECTIVO', 90.00, 1, '2026-03-25 00:00:00', 5, 'COBRO', NULL),
(71, 'ENTRADA', 'COBRO PRESTAMO MIGRACION #05 - CUOTA 3', 'EFECTIVO', 180.00, 1, '2026-03-27 00:00:00', 5, 'COBRO', NULL),
(72, 'ENTRADA', 'COBRO PRESTAMO MIGRACION #05 - CUOTA 4', 'EFECTIVO', 90.00, 1, '2026-03-28 00:00:00', 5, 'COBRO', NULL),
(73, 'ENTRADA', 'COBRO PRESTAMO MIGRACION #05 - CUOTA 5', 'EFECTIVO', 90.00, 1, '2026-03-29 00:00:00', 5, 'COBRO', NULL),
(74, 'ENTRADA', 'COBRO PRESTAMO MIGRACION #05 - CUOTA 6', 'EFECTIVO', 90.00, 1, '2026-03-30 00:00:00', 5, 'COBRO', NULL),
(75, 'ENTRADA', 'COBRO PRESTAMO MIGRACION #05 - CUOTA 7', 'EFECTIVO', 90.00, 1, '2026-03-31 00:00:00', 5, 'COBRO', NULL),
(76, 'ENTRADA', 'COBRO PRESTAMO MIGRACION #05 - CUOTA 8', 'EFECTIVO', 90.00, 1, '2026-04-01 00:00:00', 5, 'COBRO', NULL),
(77, 'ENTRADA', 'COBRO PRESTAMO MIGRACION #05 - CUOTA 9', 'EFECTIVO', 90.00, 1, '2026-04-02 00:00:00', 5, 'COBRO', NULL),
(78, 'ENTRADA', 'COBRO PRESTAMO MIGRACION #05 - CUOTA 10', 'EFECTIVO', 90.00, 1, '2026-04-06 00:00:00', 5, 'COBRO', NULL),
(79, 'ENTRADA', 'COBRO PRESTAMO MIGRACION #05 - CUOTA 11', 'EFECTIVO', 90.00, 1, '2026-04-07 00:00:00', 5, 'COBRO', NULL),
(80, 'ENTRADA', 'COBRO PRESTAMO MIGRACION #05 - CUOTA 12', 'EFECTIVO', 90.00, 1, '2026-04-08 00:00:00', 5, 'COBRO', NULL),
(81, 'ENTRADA', 'COBRO PRESTAMO MIGRACION #05 - CUOTA 13', 'EFECTIVO', 90.00, 1, '2026-04-09 00:00:00', 5, 'COBRO', NULL),
(82, 'ENTRADA', 'COBRO PRESTAMO MIGRACION #05 - CUOTA 14', 'EFECTIVO', 90.00, 1, '2026-04-10 00:00:00', 5, 'COBRO', NULL),
(83, 'ENTRADA', 'COBRO PRESTAMO MIGRACION #05 - CUOTA 15', 'EFECTIVO', 90.00, 1, '2026-04-11 00:00:00', 5, 'COBRO', NULL),
(84, 'ENTRADA', 'COBRO PRESTAMO MIGRACION #05 - CUOTA 16', 'EFECTIVO', 90.00, 1, '2026-04-18 00:00:00', 5, 'COBRO', NULL),
(85, 'ENTRADA', 'COBRO PRESTAMO MIGRACION #05 - CUOTA 17', 'EFECTIVO', 90.00, 1, '2026-04-14 00:00:00', 5, 'COBRO', NULL),
(86, 'ENTRADA', 'COBRO PRESTAMO MIGRACION #05 - CUOTA 18', 'EFECTIVO', 90.00, 1, '2026-04-15 00:00:00', 5, 'COBRO', NULL),
(87, 'ENTRADA', 'COBRO PRESTAMO MIGRACION #05 - CUOTA 19', 'EFECTIVO', 90.00, 1, '2026-04-16 00:00:00', 5, 'COBRO', NULL),
(88, 'SALIDA', 'PRESTAMO MIGRACION #06', 'BANCO', 2000.00, 1, '2026-04-17 05:19:51', 6, 'PRESTAMO', NULL),
(89, 'ENTRADA', 'COBRO PRESTAMO MIGRACION #06 - CUOTA 1', 'EFECTIVO', 120.00, 1, '2026-04-13 00:00:00', 6, 'COBRO', NULL),
(90, 'ENTRADA', 'COBRO PRESTAMO MIGRACION #06 - CUOTA 2', 'EFECTIVO', 120.00, 1, '2026-04-14 00:00:00', 6, 'COBRO', NULL),
(91, 'ENTRADA', 'COBRO PRESTAMO MIGRACION #06 - CUOTA 3', 'EFECTIVO', 240.00, 1, '2026-04-16 00:00:00', 6, 'COBRO', NULL),
(92, 'SALIDA', 'PRESTAMO MIGRACION #07', 'BANCO', 3000.00, 1, '2026-04-17 05:25:50', 7, 'PRESTAMO', NULL),
(93, 'ENTRADA', 'COBRO PRESTAMO MIGRACION #07 - CUOTA 1', 'EFECTIVO', 180.00, 1, '2026-04-13 00:00:00', 7, 'COBRO', NULL),
(94, 'ENTRADA', 'COBRO PRESTAMO MIGRACION #07 - CUOTA 2', 'EFECTIVO', 180.00, 1, '2026-04-14 00:00:00', 7, 'COBRO', NULL),
(95, 'ENTRADA', 'COBRO PRESTAMO MIGRACION #07 - CUOTA 3', 'EFECTIVO', 180.00, 1, '2026-04-15 00:00:00', 7, 'COBRO', NULL),
(96, 'ENTRADA', 'COBRO PRESTAMO MIGRACION #07 - CUOTA 4', 'EFECTIVO', 180.00, 1, '2026-04-16 00:00:00', 7, 'COBRO', NULL),
(97, 'SALIDA', 'PRESTAMO MIGRACION #08', 'BANCO', 36000.00, 1, '2026-04-17 05:26:25', 8, 'PRESTAMO', NULL),
(98, 'ENTRADA', 'COBRO PRESTAMO MIGRACION #08 - CUOTA 1', 'EFECTIVO', 1800.00, 1, '2026-04-13 00:00:00', 8, 'COBRO', NULL),
(99, 'ENTRADA', 'COBRO PRESTAMO MIGRACION #08 - CUOTA 2', 'EFECTIVO', 1800.00, 1, '2026-04-14 00:00:00', 8, 'COBRO', NULL),
(100, 'ENTRADA', 'COBRO PRESTAMO MIGRACION #08 - CUOTA 3', 'EFECTIVO', 1800.00, 1, '2026-04-16 00:00:00', 8, 'COBRO', NULL),
(101, 'SALIDA', 'PRESTAMO MIGRACION #09', 'BANCO', 1500.00, 1, '2026-04-17 05:27:05', 9, 'PRESTAMO', NULL),
(102, 'ENTRADA', 'COBRO PRESTAMO MIGRACION #09 - CUOTA 1', 'EFECTIVO', 100.00, 1, '2026-04-13 00:00:00', 9, 'COBRO', NULL),
(103, 'ENTRADA', 'COBRO PRESTAMO MIGRACION #09 - CUOTA 2', 'EFECTIVO', 100.00, 1, '2026-04-14 00:00:00', 9, 'COBRO', NULL),
(104, 'ENTRADA', 'COBRO PRESTAMO MIGRACION #09 - CUOTA 3', 'EFECTIVO', 100.00, 1, '2026-04-15 00:00:00', 9, 'COBRO', NULL),
(105, 'ENTRADA', 'COBRO PRESTAMO MIGRACION #09 - CUOTA 4', 'EFECTIVO', 100.00, 1, '2026-04-16 00:00:00', 9, 'COBRO', NULL),
(106, 'SALIDA', 'PRESTAMO MIGRACION #10', 'BANCO', 10000.00, 1, '2026-04-17 05:32:10', 10, 'PRESTAMO', NULL),
(107, 'ENTRADA', 'COBRO PRESTAMO MIGRACION #10 - CUOTA 1', 'EFECTIVO', 500.00, 1, '2026-04-11 00:00:00', 10, 'COBRO', NULL),
(108, 'ENTRADA', 'COBRO PRESTAMO MIGRACION #10 - CUOTA 2', 'EFECTIVO', 500.00, 1, '2026-04-13 00:00:00', 10, 'COBRO', NULL),
(109, 'ENTRADA', 'COBRO PRESTAMO MIGRACION #10 - CUOTA 3', 'EFECTIVO', 500.00, 1, '2026-04-14 00:00:00', 10, 'COBRO', NULL),
(110, 'ENTRADA', 'COBRO PRESTAMO MIGRACION #10 - CUOTA 4', 'EFECTIVO', 500.00, 1, '2026-04-15 00:00:00', 10, 'COBRO', NULL),
(111, 'ENTRADA', 'COBRO PRESTAMO MIGRACION #10 - CUOTA 5', 'EFECTIVO', 500.00, 1, '2026-04-16 00:00:00', 10, 'COBRO', NULL),
(112, 'SALIDA', 'PRESTAMO MIGRACION #11', 'BANCO', 1500.00, 1, '2026-04-17 05:32:48', 11, 'PRESTAMO', NULL),
(113, 'ENTRADA', 'COBRO PRESTAMO MIGRACION #11 - CUOTA 1', 'EFECTIVO', 90.00, 1, '2026-04-11 00:00:00', 11, 'COBRO', NULL),
(114, 'ENTRADA', 'COBRO PRESTAMO MIGRACION #11 - CUOTA 2', 'EFECTIVO', 90.00, 1, '2026-04-13 00:00:00', 11, 'COBRO', NULL),
(115, 'ENTRADA', 'COBRO PRESTAMO MIGRACION #11 - CUOTA 3', 'EFECTIVO', 90.00, 1, '2026-04-14 00:00:00', 11, 'COBRO', NULL),
(116, 'ENTRADA', 'COBRO PRESTAMO MIGRACION #11 - CUOTA 4', 'EFECTIVO', 90.00, 1, '2026-04-15 00:00:00', 11, 'COBRO', NULL),
(117, 'ENTRADA', 'COBRO PRESTAMO MIGRACION #11 - CUOTA 5', 'EFECTIVO', 90.00, 1, '2026-04-16 00:00:00', 11, 'COBRO', NULL),
(118, 'SALIDA', 'PRESTAMO MIGRACION #12', 'BANCO', 1500.00, 1, '2026-04-17 05:33:44', 12, 'PRESTAMO', NULL),
(119, 'ENTRADA', 'COBRO PRESTAMO MIGRACION #12 - CUOTA 1', 'EFECTIVO', 90.00, 1, '2026-04-11 00:00:00', 12, 'COBRO', NULL),
(120, 'ENTRADA', 'COBRO PRESTAMO MIGRACION #12 - CUOTA 2', 'EFECTIVO', 90.00, 1, '2026-04-13 00:00:00', 12, 'COBRO', NULL),
(121, 'ENTRADA', 'COBRO PRESTAMO MIGRACION #12 - CUOTA 3', 'EFECTIVO', 90.00, 1, '2026-04-14 00:00:00', 12, 'COBRO', NULL),
(122, 'ENTRADA', 'COBRO PRESTAMO MIGRACION #12 - CUOTA 4', 'EFECTIVO', 180.00, 1, '2026-04-16 00:00:00', 12, 'COBRO', NULL),
(123, 'SALIDA', 'PRESTAMO MIGRACION #13', 'BANCO', 3000.00, 1, '2026-04-17 05:34:26', 13, 'PRESTAMO', NULL),
(124, 'ENTRADA', 'COBRO PRESTAMO MIGRACION #13 - CUOTA 1', 'EFECTIVO', 200.00, 1, '2026-04-10 00:00:00', 13, 'COBRO', NULL),
(125, 'ENTRADA', 'COBRO PRESTAMO MIGRACION #13 - CUOTA 2', 'EFECTIVO', 200.00, 1, '2026-04-11 00:00:00', 13, 'COBRO', NULL),
(126, 'ENTRADA', 'COBRO PRESTAMO MIGRACION #13 - CUOTA 3', 'EFECTIVO', 200.00, 1, '2026-04-13 00:00:00', 13, 'COBRO', NULL),
(127, 'ENTRADA', 'COBRO PRESTAMO MIGRACION #13 - CUOTA 4', 'EFECTIVO', 200.00, 1, '2026-04-14 00:00:00', 13, 'COBRO', NULL),
(128, 'ENTRADA', 'COBRO PRESTAMO MIGRACION #13 - CUOTA 5', 'EFECTIVO', 200.00, 1, '2026-04-15 00:00:00', 13, 'COBRO', NULL),
(129, 'ENTRADA', 'COBRO PRESTAMO MIGRACION #13 - CUOTA 6', 'EFECTIVO', 200.00, 1, '2026-04-16 00:00:00', 13, 'COBRO', NULL),
(130, 'SALIDA', 'PRESTAMO MIGRACION #14', 'BANCO', 1000.00, 1, '2026-04-17 05:34:55', 14, 'PRESTAMO', NULL),
(131, 'ENTRADA', 'COBRO PRESTAMO MIGRACION #14 - CUOTA 1', 'EFECTIVO', 60.00, 1, '2026-04-10 00:00:00', 14, 'COBRO', NULL),
(132, 'ENTRADA', 'COBRO PRESTAMO MIGRACION #14 - CUOTA 2', 'EFECTIVO', 60.00, 1, '2026-04-11 00:00:00', 14, 'COBRO', NULL),
(133, 'ENTRADA', 'COBRO PRESTAMO MIGRACION #14 - CUOTA 3', 'EFECTIVO', 60.00, 1, '2026-04-13 00:00:00', 14, 'COBRO', NULL),
(134, 'ENTRADA', 'COBRO PRESTAMO MIGRACION #14 - CUOTA 4', 'EFECTIVO', 60.00, 1, '2026-04-14 00:00:00', 14, 'COBRO', NULL),
(135, 'ENTRADA', 'COBRO PRESTAMO MIGRACION #14 - CUOTA 5', 'EFECTIVO', 60.00, 1, '2026-04-15 00:00:00', 14, 'COBRO', NULL),
(136, 'ENTRADA', 'COBRO PRESTAMO MIGRACION #14 - CUOTA 6', 'EFECTIVO', 60.00, 1, '2026-04-16 00:00:00', 14, 'COBRO', NULL),
(137, 'SALIDA', 'PRESTAMO MIGRACION #15', 'BANCO', 5000.00, 1, '2026-04-17 05:37:31', 15, 'PRESTAMO', NULL),
(138, 'ENTRADA', 'COBRO PRESTAMO MIGRACION #15 - CUOTA 1', 'EFECTIVO', 300.00, 1, '2026-04-10 00:00:00', 15, 'COBRO', NULL),
(139, 'ENTRADA', 'COBRO PRESTAMO MIGRACION #15 - CUOTA 2', 'EFECTIVO', 300.00, 1, '2026-04-11 00:00:00', 15, 'COBRO', NULL),
(140, 'ENTRADA', 'COBRO PRESTAMO MIGRACION #15 - CUOTA 3', 'EFECTIVO', 300.00, 1, '2026-04-13 00:00:00', 15, 'COBRO', NULL),
(141, 'ENTRADA', 'COBRO PRESTAMO MIGRACION #15 - CUOTA 4', 'EFECTIVO', 300.00, 1, '2026-04-14 00:00:00', 15, 'COBRO', NULL),
(142, 'ENTRADA', 'COBRO PRESTAMO MIGRACION #15 - CUOTA 5', 'EFECTIVO', 300.00, 1, '2026-04-15 00:00:00', 15, 'COBRO', NULL),
(143, 'ENTRADA', 'COBRO PRESTAMO MIGRACION #15 - CUOTA 6', 'EFECTIVO', 300.00, 1, '2026-04-16 00:00:00', 15, 'COBRO', NULL),
(144, 'SALIDA', 'PRESTAMO MIGRACION #16', 'BANCO', 3000.00, 1, '2026-04-17 05:39:25', 16, 'PRESTAMO', NULL),
(145, 'ENTRADA', 'COBRO PRESTAMO MIGRACION #16 - CUOTA 1', 'EFECTIVO', 180.00, 1, '2026-04-09 00:00:00', 16, 'COBRO', NULL),
(146, 'ENTRADA', 'COBRO PRESTAMO MIGRACION #16 - CUOTA 2', 'EFECTIVO', 180.00, 1, '2026-04-10 00:00:00', 16, 'COBRO', NULL),
(147, 'ENTRADA', 'COBRO PRESTAMO MIGRACION #16 - CUOTA 3', 'EFECTIVO', 180.00, 1, '2026-04-11 00:00:00', 16, 'COBRO', NULL),
(148, 'ENTRADA', 'COBRO PRESTAMO MIGRACION #16 - CUOTA 4', 'EFECTIVO', 180.00, 1, '2026-04-13 00:00:00', 16, 'COBRO', NULL),
(149, 'ENTRADA', 'COBRO PRESTAMO MIGRACION #16 - CUOTA 5', 'EFECTIVO', 180.00, 1, '2026-04-14 00:00:00', 16, 'COBRO', NULL),
(150, 'ENTRADA', 'COBRO PRESTAMO MIGRACION #16 - CUOTA 6', 'EFECTIVO', 180.00, 1, '2026-04-15 00:00:00', 16, 'COBRO', NULL),
(151, 'ENTRADA', 'COBRO PRESTAMO MIGRACION #16 - CUOTA 7', 'EFECTIVO', 180.00, 1, '2026-04-16 00:00:00', 16, 'COBRO', NULL),
(152, 'SALIDA', 'PRESTAMO MIGRACION #17', 'BANCO', 5000.00, 1, '2026-04-17 05:40:04', 17, 'PRESTAMO', NULL),
(153, 'ENTRADA', 'COBRO PRESTAMO MIGRACION #17 - CUOTA 1', 'EFECTIVO', 400.00, 1, '2026-04-08 00:00:00', 17, 'COBRO', NULL),
(154, 'ENTRADA', 'COBRO PRESTAMO MIGRACION #17 - CUOTA 2', 'EFECTIVO', 300.00, 1, '2026-04-09 00:00:00', 17, 'COBRO', NULL),
(155, 'ENTRADA', 'COBRO PRESTAMO MIGRACION #17 - CUOTA 3', 'EFECTIVO', 300.00, 1, '2026-04-10 00:00:00', 17, 'COBRO', NULL),
(156, 'ENTRADA', 'COBRO PRESTAMO MIGRACION #17 - CUOTA 4', 'EFECTIVO', 300.00, 1, '2026-04-11 00:00:00', 17, 'COBRO', NULL),
(157, 'ENTRADA', 'COBRO PRESTAMO MIGRACION #17 - CUOTA 5', 'EFECTIVO', 300.00, 1, '2026-04-13 00:00:00', 17, 'COBRO', NULL),
(158, 'ENTRADA', 'COBRO PRESTAMO MIGRACION #17 - CUOTA 6', 'EFECTIVO', 300.00, 1, '2026-04-14 00:00:00', 17, 'COBRO', NULL),
(159, 'ENTRADA', 'COBRO PRESTAMO MIGRACION #17 - CUOTA 7', 'EFECTIVO', 300.00, 1, '2026-04-15 00:00:00', 17, 'COBRO', NULL),
(160, 'ENTRADA', 'COBRO PRESTAMO MIGRACION #17 - CUOTA 8', 'EFECTIVO', 300.00, 1, '2026-04-16 00:00:00', 17, 'COBRO', NULL),
(161, 'SALIDA', 'PRESTAMO MIGRACION #18', 'BANCO', 20000.00, 1, '2026-04-17 05:40:37', 18, 'PRESTAMO', NULL),
(162, 'ENTRADA', 'COBRO PRESTAMO MIGRACION #18 - CUOTA 1', 'EFECTIVO', 1200.00, 1, '2026-04-08 00:00:00', 18, 'COBRO', NULL),
(163, 'ENTRADA', 'COBRO PRESTAMO MIGRACION #18 - CUOTA 2', 'EFECTIVO', 1200.00, 1, '2026-04-09 00:00:00', 18, 'COBRO', NULL),
(164, 'ENTRADA', 'COBRO PRESTAMO MIGRACION #18 - CUOTA 3', 'EFECTIVO', 1200.00, 1, '2026-04-10 00:00:00', 18, 'COBRO', NULL),
(165, 'ENTRADA', 'COBRO PRESTAMO MIGRACION #18 - CUOTA 4', 'EFECTIVO', 1200.00, 1, '2026-04-11 00:00:00', 18, 'COBRO', NULL),
(166, 'ENTRADA', 'COBRO PRESTAMO MIGRACION #18 - CUOTA 5', 'EFECTIVO', 1200.00, 1, '2026-04-13 00:00:00', 18, 'COBRO', NULL),
(167, 'ENTRADA', 'COBRO PRESTAMO MIGRACION #18 - CUOTA 6', 'EFECTIVO', 1200.00, 1, '2026-04-14 00:00:00', 18, 'COBRO', NULL),
(168, 'ENTRADA', 'COBRO PRESTAMO MIGRACION #18 - CUOTA 7', 'EFECTIVO', 1200.00, 1, '2026-04-15 00:00:00', 18, 'COBRO', NULL),
(169, 'SALIDA', 'PRESTAMO MIGRACION #19', 'BANCO', 2000.00, 1, '2026-04-17 05:41:17', 19, 'PRESTAMO', NULL),
(170, 'ENTRADA', 'COBRO PRESTAMO MIGRACION #19 - CUOTA 1', 'EFECTIVO', 120.00, 1, '2026-04-08 00:00:00', 19, 'COBRO', NULL),
(171, 'ENTRADA', 'COBRO PRESTAMO MIGRACION #19 - CUOTA 2', 'EFECTIVO', 120.00, 1, '2026-04-09 00:00:00', 19, 'COBRO', NULL),
(172, 'ENTRADA', 'COBRO PRESTAMO MIGRACION #19 - CUOTA 3', 'EFECTIVO', 120.00, 1, '2026-04-10 00:00:00', 19, 'COBRO', NULL),
(173, 'ENTRADA', 'COBRO PRESTAMO MIGRACION #19 - CUOTA 4', 'EFECTIVO', 120.00, 1, '2026-04-13 00:00:00', 19, 'COBRO', NULL),
(174, 'ENTRADA', 'COBRO PRESTAMO MIGRACION #19 - CUOTA 5', 'EFECTIVO', 120.00, 1, '2026-04-14 00:00:00', 19, 'COBRO', NULL),
(175, 'ENTRADA', 'COBRO PRESTAMO MIGRACION #19 - CUOTA 6', 'EFECTIVO', 120.00, 1, '2026-04-15 00:00:00', 19, 'COBRO', NULL),
(176, 'ENTRADA', 'COBRO PRESTAMO MIGRACION #19 - CUOTA 7', 'EFECTIVO', 120.00, 1, '2026-04-16 00:00:00', 19, 'COBRO', NULL),
(177, 'SALIDA', 'PRESTAMO MIGRACION #20', 'BANCO', 3000.00, 1, '2026-04-17 05:42:15', 20, 'PRESTAMO', NULL),
(178, 'ENTRADA', 'COBRO PRESTAMO MIGRACION #20 - CUOTA 1', 'EFECTIVO', 180.00, 1, '2026-04-08 00:00:00', 20, 'COBRO', NULL),
(179, 'ENTRADA', 'COBRO PRESTAMO MIGRACION #20 - CUOTA 2', 'EFECTIVO', 180.00, 1, '2026-04-09 00:00:00', 20, 'COBRO', NULL),
(180, 'ENTRADA', 'COBRO PRESTAMO MIGRACION #20 - CUOTA 3', 'EFECTIVO', 180.00, 1, '2026-04-13 00:00:00', 20, 'COBRO', NULL),
(181, 'ENTRADA', 'COBRO PRESTAMO MIGRACION #20 - CUOTA 4', 'EFECTIVO', 180.00, 1, '2026-04-14 00:00:00', 20, 'COBRO', NULL),
(182, 'ENTRADA', 'COBRO PRESTAMO MIGRACION #20 - CUOTA 5', 'EFECTIVO', 180.00, 1, '2026-04-15 00:00:00', 20, 'COBRO', NULL),
(183, 'ENTRADA', 'COBRO PRESTAMO MIGRACION #20 - CUOTA 6', 'EFECTIVO', 180.00, 1, '2026-04-16 00:00:00', 20, 'COBRO', NULL),
(184, 'SALIDA', 'PRESTAMO MIGRACION #21', 'BANCO', 3000.00, 1, '2026-04-17 06:06:50', 21, 'PRESTAMO', NULL),
(185, 'ENTRADA', 'COBRO PRESTAMO MIGRACION #21 - CUOTA 1', 'EFECTIVO', 360.00, 1, '2026-04-08 00:00:00', 21, 'COBRO', NULL),
(186, 'ENTRADA', 'COBRO PRESTAMO MIGRACION #21 - CUOTA 2', 'EFECTIVO', 180.00, 1, '2026-04-09 00:00:00', 21, 'COBRO', NULL),
(187, 'ENTRADA', 'COBRO PRESTAMO MIGRACION #21 - CUOTA 3', 'EFECTIVO', 180.00, 1, '2026-04-10 00:00:00', 21, 'COBRO', NULL),
(188, 'ENTRADA', 'COBRO PRESTAMO MIGRACION #21 - CUOTA 4', 'EFECTIVO', 180.00, 1, '2026-04-11 00:00:00', 21, 'COBRO', NULL),
(189, 'ENTRADA', 'COBRO PRESTAMO MIGRACION #21 - CUOTA 5', 'EFECTIVO', 180.00, 1, '2026-04-13 00:00:00', 21, 'COBRO', NULL),
(190, 'ENTRADA', 'COBRO PRESTAMO MIGRACION #21 - CUOTA 6', 'EFECTIVO', 180.00, 1, '2026-04-14 00:00:00', 21, 'COBRO', NULL),
(191, 'ENTRADA', 'COBRO PRESTAMO MIGRACION #21 - CUOTA 7', 'EFECTIVO', 180.00, 1, '2026-04-15 00:00:00', 21, 'COBRO', NULL),
(192, 'ENTRADA', 'COBRO PRESTAMO MIGRACION #21 - CUOTA 8', 'EFECTIVO', 180.00, 1, '2026-04-16 00:00:00', 21, 'COBRO', NULL),
(193, 'SALIDA', 'PRESTAMO MIGRACION #22', 'BANCO', 2000.00, 1, '2026-04-17 06:07:38', 22, 'PRESTAMO', NULL),
(194, 'ENTRADA', 'COBRO PRESTAMO MIGRACION #22 - CUOTA 1', 'EFECTIVO', 120.00, 1, '2026-04-07 00:00:00', 22, 'COBRO', NULL),
(195, 'ENTRADA', 'COBRO PRESTAMO MIGRACION #22 - CUOTA 2', 'EFECTIVO', 120.00, 1, '2026-04-10 00:00:00', 22, 'COBRO', NULL),
(196, 'ENTRADA', 'COBRO PRESTAMO MIGRACION #22 - CUOTA 3', 'EFECTIVO', 120.00, 1, '2026-04-11 00:00:00', 22, 'COBRO', NULL),
(197, 'ENTRADA', 'COBRO PRESTAMO MIGRACION #22 - CUOTA 4', 'EFECTIVO', 120.00, 1, '2026-04-13 00:00:00', 22, 'COBRO', NULL),
(198, 'ENTRADA', 'COBRO PRESTAMO MIGRACION #22 - CUOTA 5', 'EFECTIVO', 120.00, 1, '2026-04-14 00:00:00', 22, 'COBRO', NULL),
(199, 'ENTRADA', 'COBRO PRESTAMO MIGRACION #22 - CUOTA 6', 'EFECTIVO', 120.00, 1, '2026-04-16 00:00:00', 22, 'COBRO', NULL),
(200, 'SALIDA', 'PRESTAMO MIGRACION #23', 'BANCO', 1500.00, 1, '2026-04-17 06:08:22', 23, 'PRESTAMO', NULL),
(201, 'ENTRADA', 'COBRO PRESTAMO MIGRACION #23 - CUOTA 1', 'EFECTIVO', 100.00, 1, '2026-04-07 00:00:00', 23, 'COBRO', NULL),
(202, 'ENTRADA', 'COBRO PRESTAMO MIGRACION #23 - CUOTA 2', 'EFECTIVO', 100.00, 1, '2026-04-08 00:00:00', 23, 'COBRO', NULL),
(203, 'ENTRADA', 'COBRO PRESTAMO MIGRACION #23 - CUOTA 3', 'EFECTIVO', 100.00, 1, '2026-04-09 00:00:00', 23, 'COBRO', NULL),
(204, 'ENTRADA', 'COBRO PRESTAMO MIGRACION #23 - CUOTA 4', 'EFECTIVO', 100.00, 1, '2026-04-10 00:00:00', 23, 'COBRO', NULL),
(205, 'ENTRADA', 'COBRO PRESTAMO MIGRACION #23 - CUOTA 5', 'EFECTIVO', 100.00, 1, '2026-04-13 00:00:00', 23, 'COBRO', NULL),
(206, 'ENTRADA', 'COBRO PRESTAMO MIGRACION #23 - CUOTA 6', 'EFECTIVO', 100.00, 1, '2026-04-14 00:00:00', 23, 'COBRO', NULL),
(207, 'ENTRADA', 'COBRO PRESTAMO MIGRACION #23 - CUOTA 7', 'EFECTIVO', 100.00, 1, '2026-04-15 00:00:00', 23, 'COBRO', NULL),
(208, 'ENTRADA', 'COBRO PRESTAMO MIGRACION #23 - CUOTA 8', 'EFECTIVO', 100.00, 1, '2026-04-16 00:00:00', 23, 'COBRO', NULL),
(209, 'SALIDA', 'PRESTAMO MIGRACION #24', 'BANCO', 5000.00, 1, '2026-04-17 06:12:09', 24, 'PRESTAMO', NULL),
(210, 'ENTRADA', 'COBRO PRESTAMO MIGRACION #24 - CUOTA 1', 'EFECTIVO', 300.00, 1, '2026-04-06 00:00:00', 24, 'COBRO', NULL),
(211, 'ENTRADA', 'COBRO PRESTAMO MIGRACION #24 - CUOTA 2', 'EFECTIVO', 300.00, 1, '2026-04-07 00:00:00', 24, 'COBRO', NULL),
(212, 'ENTRADA', 'COBRO PRESTAMO MIGRACION #24 - CUOTA 3', 'EFECTIVO', 300.00, 1, '2026-04-08 00:00:00', 24, 'COBRO', NULL),
(213, 'ENTRADA', 'COBRO PRESTAMO MIGRACION #24 - CUOTA 4', 'EFECTIVO', 300.00, 1, '2026-04-09 00:00:00', 24, 'COBRO', NULL),
(214, 'ENTRADA', 'COBRO PRESTAMO MIGRACION #24 - CUOTA 5', 'EFECTIVO', 300.00, 1, '2026-04-10 00:00:00', 24, 'COBRO', NULL),
(215, 'ENTRADA', 'COBRO PRESTAMO MIGRACION #24 - CUOTA 6', 'EFECTIVO', 300.00, 1, '2026-04-13 00:00:00', 24, 'COBRO', NULL),
(216, 'ENTRADA', 'COBRO PRESTAMO MIGRACION #24 - CUOTA 7', 'EFECTIVO', 300.00, 1, '2026-04-14 00:00:00', 24, 'COBRO', NULL),
(217, 'ENTRADA', 'COBRO PRESTAMO MIGRACION #24 - CUOTA 8', 'EFECTIVO', 300.00, 1, '2026-04-15 00:00:00', 24, 'COBRO', NULL),
(218, 'ENTRADA', 'COBRO PRESTAMO MIGRACION #24 - CUOTA 9', 'EFECTIVO', 300.00, 1, '2026-04-16 00:00:00', 24, 'COBRO', NULL),
(219, 'SALIDA', 'PRESTAMO MIGRACION #25', 'BANCO', 5000.00, 1, '2026-04-17 06:13:06', 25, 'PRESTAMO', NULL),
(220, 'ENTRADA', 'COBRO PRESTAMO MIGRACION #25 - CUOTA 1', 'EFECTIVO', 300.00, 1, '2026-04-06 00:00:00', 25, 'COBRO', NULL),
(221, 'ENTRADA', 'COBRO PRESTAMO MIGRACION #25 - CUOTA 2', 'EFECTIVO', 300.00, 1, '2026-04-07 00:00:00', 25, 'COBRO', NULL),
(222, 'ENTRADA', 'COBRO PRESTAMO MIGRACION #25 - CUOTA 3', 'EFECTIVO', 300.00, 1, '2026-04-08 00:00:00', 25, 'COBRO', NULL),
(223, 'ENTRADA', 'COBRO PRESTAMO MIGRACION #25 - CUOTA 4', 'EFECTIVO', 300.00, 1, '2026-04-09 00:00:00', 25, 'COBRO', NULL),
(224, 'ENTRADA', 'COBRO PRESTAMO MIGRACION #25 - CUOTA 5', 'EFECTIVO', 300.00, 1, '2026-04-10 00:00:00', 25, 'COBRO', NULL),
(225, 'ENTRADA', 'COBRO PRESTAMO MIGRACION #25 - CUOTA 6', 'EFECTIVO', 150.00, 1, '2026-04-11 00:00:00', 25, 'COBRO', NULL),
(226, 'ENTRADA', 'COBRO PRESTAMO MIGRACION #25 - CUOTA 7', 'EFECTIVO', 150.00, 1, '2026-04-13 00:00:00', 25, 'COBRO', NULL),
(227, 'ENTRADA', 'COBRO PRESTAMO MIGRACION #25 - CUOTA 8', 'EFECTIVO', 300.00, 1, '2026-04-14 00:00:00', 25, 'COBRO', NULL),
(228, 'ENTRADA', 'COBRO PRESTAMO MIGRACION #25 - CUOTA 9', 'EFECTIVO', 300.00, 1, '2026-04-15 00:00:00', 25, 'COBRO', NULL),
(229, 'ENTRADA', 'COBRO PRESTAMO MIGRACION #25 - CUOTA 10', 'EFECTIVO', 300.00, 1, '2026-04-16 00:00:00', 25, 'COBRO', NULL),
(230, 'SALIDA', 'PRESTAMO MIGRACION #26', 'BANCO', 3000.00, 1, '2026-04-17 06:14:41', 26, 'PRESTAMO', NULL),
(231, 'ENTRADA', 'COBRO PRESTAMO MIGRACION #26 - CUOTA 1', 'EFECTIVO', 180.00, 1, '2026-04-06 00:00:00', 26, 'COBRO', NULL),
(232, 'ENTRADA', 'COBRO PRESTAMO MIGRACION #26 - CUOTA 2', 'EFECTIVO', 180.00, 1, '2026-04-07 00:00:00', 26, 'COBRO', NULL),
(233, 'ENTRADA', 'COBRO PRESTAMO MIGRACION #26 - CUOTA 3', 'EFECTIVO', 180.00, 1, '2026-04-08 00:00:00', 26, 'COBRO', NULL),
(234, 'ENTRADA', 'COBRO PRESTAMO MIGRACION #26 - CUOTA 4', 'EFECTIVO', 180.00, 1, '2026-04-09 00:00:00', 26, 'COBRO', NULL),
(235, 'ENTRADA', 'COBRO PRESTAMO MIGRACION #26 - CUOTA 5', 'EFECTIVO', 180.00, 1, '2026-04-13 00:00:00', 26, 'COBRO', NULL),
(236, 'ENTRADA', 'COBRO PRESTAMO MIGRACION #26 - CUOTA 6', 'EFECTIVO', 180.00, 1, '2026-04-14 00:00:00', 26, 'COBRO', NULL),
(237, 'ENTRADA', 'COBRO PRESTAMO MIGRACION #26 - CUOTA 7', 'EFECTIVO', 140.00, 1, '2026-04-16 00:00:00', 26, 'COBRO', NULL),
(238, 'SALIDA', 'PRESTAMO MIGRACION #27', 'BANCO', 2500.00, 1, '2026-04-17 06:15:51', 27, 'PRESTAMO', NULL),
(239, 'ENTRADA', 'COBRO PRESTAMO MIGRACION #27 - CUOTA 1', 'EFECTIVO', 150.00, 1, '2026-04-06 00:00:00', 27, 'COBRO', NULL),
(240, 'ENTRADA', 'COBRO PRESTAMO MIGRACION #27 - CUOTA 2', 'EFECTIVO', 150.00, 1, '2026-04-08 00:00:00', 27, 'COBRO', NULL),
(241, 'ENTRADA', 'COBRO PRESTAMO MIGRACION #27 - CUOTA 3', 'EFECTIVO', 150.00, 1, '2026-04-09 00:00:00', 27, 'COBRO', NULL),
(242, 'ENTRADA', 'COBRO PRESTAMO MIGRACION #27 - CUOTA 4', 'EFECTIVO', 150.00, 1, '2026-04-10 00:00:00', 27, 'COBRO', NULL),
(243, 'ENTRADA', 'COBRO PRESTAMO MIGRACION #27 - CUOTA 5', 'EFECTIVO', 150.00, 1, '2026-04-11 00:00:00', 27, 'COBRO', NULL),
(244, 'ENTRADA', 'COBRO PRESTAMO MIGRACION #27 - CUOTA 6', 'EFECTIVO', 150.00, 1, '2026-04-13 00:00:00', 27, 'COBRO', NULL),
(245, 'ENTRADA', 'COBRO PRESTAMO MIGRACION #27 - CUOTA 7', 'EFECTIVO', 150.00, 1, '2026-04-15 00:00:00', 27, 'COBRO', NULL),
(246, 'ENTRADA', 'COBRO PRESTAMO MIGRACION #27 - CUOTA 8', 'EFECTIVO', 150.00, 1, '2026-04-16 00:00:00', 27, 'COBRO', NULL),
(247, 'SALIDA', 'PRESTAMO MIGRACION #28', 'BANCO', 1500.00, 1, '2026-04-17 06:16:52', 28, 'PRESTAMO', NULL),
(248, 'ENTRADA', 'COBRO PRESTAMO MIGRACION #28 - CUOTA 1', 'EFECTIVO', 100.00, 1, '2026-04-06 00:00:00', 28, 'COBRO', NULL),
(249, 'ENTRADA', 'COBRO PRESTAMO MIGRACION #28 - CUOTA 2', 'EFECTIVO', 30.00, 1, '2026-04-07 00:00:00', 28, 'COBRO', NULL),
(250, 'ENTRADA', 'COBRO PRESTAMO MIGRACION #28 - CUOTA 3', 'EFECTIVO', 90.00, 1, '2026-04-08 00:00:00', 28, 'COBRO', NULL),
(251, 'ENTRADA', 'COBRO PRESTAMO MIGRACION #28 - CUOTA 4', 'EFECTIVO', 290.00, 1, '2026-04-09 00:00:00', 28, 'COBRO', NULL),
(252, 'ENTRADA', 'COBRO PRESTAMO MIGRACION #28 - CUOTA 5', 'EFECTIVO', 190.00, 1, '2026-04-11 00:00:00', 28, 'COBRO', NULL),
(253, 'ENTRADA', 'COBRO PRESTAMO MIGRACION #28 - CUOTA 6', 'EFECTIVO', 90.00, 1, '2026-04-13 00:00:00', 28, 'COBRO', NULL),
(254, 'ENTRADA', 'COBRO PRESTAMO MIGRACION #28 - CUOTA 7', 'EFECTIVO', 90.00, 1, '2026-04-14 00:00:00', 28, 'COBRO', NULL),
(255, 'ENTRADA', 'COBRO PRESTAMO MIGRACION #28 - CUOTA 8', 'EFECTIVO', 90.00, 1, '2026-04-15 00:00:00', 28, 'COBRO', NULL),
(256, 'ENTRADA', 'COBRO PRESTAMO MIGRACION #28 - CUOTA 9', 'EFECTIVO', 90.00, 1, '2026-04-16 00:00:00', 28, 'COBRO', NULL),
(257, 'SALIDA', 'PRESTAMO MIGRACION #29', 'BANCO', 5000.00, 1, '2026-04-17 06:17:33', 29, 'PRESTAMO', NULL),
(258, 'ENTRADA', 'COBRO PRESTAMO MIGRACION #29 - CUOTA 1', 'EFECTIVO', 300.00, 1, '2026-04-06 00:00:00', 29, 'COBRO', NULL),
(259, 'ENTRADA', 'COBRO PRESTAMO MIGRACION #29 - CUOTA 2', 'EFECTIVO', 300.00, 1, '2026-04-07 00:00:00', 29, 'COBRO', NULL),
(260, 'ENTRADA', 'COBRO PRESTAMO MIGRACION #29 - CUOTA 3', 'EFECTIVO', 300.00, 1, '2026-04-08 00:00:00', 29, 'COBRO', NULL),
(261, 'ENTRADA', 'COBRO PRESTAMO MIGRACION #29 - CUOTA 4', 'EFECTIVO', 300.00, 1, '2026-04-09 00:00:00', 29, 'COBRO', NULL),
(262, 'ENTRADA', 'COBRO PRESTAMO MIGRACION #29 - CUOTA 5', 'EFECTIVO', 300.00, 1, '2026-04-10 00:00:00', 29, 'COBRO', NULL),
(263, 'ENTRADA', 'COBRO PRESTAMO MIGRACION #29 - CUOTA 6', 'EFECTIVO', 300.00, 1, '2026-04-11 00:00:00', 29, 'COBRO', NULL),
(264, 'ENTRADA', 'COBRO PRESTAMO MIGRACION #29 - CUOTA 7', 'EFECTIVO', 300.00, 1, '2026-04-13 00:00:00', 29, 'COBRO', NULL),
(265, 'ENTRADA', 'COBRO PRESTAMO MIGRACION #29 - CUOTA 8', 'EFECTIVO', 300.00, 1, '2026-04-14 00:00:00', 29, 'COBRO', NULL),
(266, 'ENTRADA', 'COBRO PRESTAMO MIGRACION #29 - CUOTA 9', 'EFECTIVO', 300.00, 1, '2026-04-15 00:00:00', 29, 'COBRO', NULL),
(267, 'SALIDA', 'PRESTAMO MIGRACION #30', 'BANCO', 30000.00, 1, '2026-04-17 06:18:42', 30, 'PRESTAMO', NULL),
(268, 'ENTRADA', 'COBRO PRESTAMO MIGRACION #30 - CUOTA 1', 'EFECTIVO', 1800.00, 1, '2026-04-06 00:00:00', 30, 'COBRO', NULL),
(269, 'ENTRADA', 'COBRO PRESTAMO MIGRACION #30 - CUOTA 2', 'EFECTIVO', 3600.00, 1, '2026-04-08 00:00:00', 30, 'COBRO', NULL),
(270, 'ENTRADA', 'COBRO PRESTAMO MIGRACION #30 - CUOTA 3', 'EFECTIVO', 3600.00, 1, '2026-04-10 00:00:00', 30, 'COBRO', NULL),
(271, 'ENTRADA', 'COBRO PRESTAMO MIGRACION #30 - CUOTA 4', 'EFECTIVO', 1800.00, 1, '2026-04-13 00:00:00', 30, 'COBRO', NULL),
(272, 'ENTRADA', 'COBRO PRESTAMO MIGRACION #30 - CUOTA 5', 'EFECTIVO', 5000.00, 1, '2026-04-15 00:00:00', 30, 'COBRO', NULL),
(273, 'ENTRADA', 'COBRO PRESTAMO MIGRACION #30 - CUOTA 6', 'EFECTIVO', 1800.00, 1, '2026-04-16 00:00:00', 30, 'COBRO', NULL),
(274, 'SALIDA', 'PRESTAMO MIGRACION #31', 'BANCO', 10000.00, 1, '2026-04-17 06:19:25', 31, 'PRESTAMO', NULL),
(275, 'ENTRADA', 'COBRO PRESTAMO MIGRACION #31 - CUOTA 1', 'EFECTIVO', 1000.00, 1, '2026-04-07 00:00:00', 31, 'COBRO', NULL),
(276, 'ENTRADA', 'COBRO PRESTAMO MIGRACION #31 - CUOTA 2', 'EFECTIVO', 600.00, 1, '2026-04-08 00:00:00', 31, 'COBRO', NULL),
(277, 'ENTRADA', 'COBRO PRESTAMO MIGRACION #31 - CUOTA 3', 'EFECTIVO', 200.00, 1, '2026-04-09 00:00:00', 31, 'COBRO', NULL),
(278, 'ENTRADA', 'COBRO PRESTAMO MIGRACION #31 - CUOTA 4', 'EFECTIVO', 600.00, 1, '2026-04-10 00:00:00', 31, 'COBRO', NULL),
(279, 'ENTRADA', 'COBRO PRESTAMO MIGRACION #31 - CUOTA 5', 'EFECTIVO', 500.00, 1, '2026-04-11 00:00:00', 31, 'COBRO', NULL),
(280, 'ENTRADA', 'COBRO PRESTAMO MIGRACION #31 - CUOTA 6', 'EFECTIVO', 500.00, 1, '2026-04-14 00:00:00', 31, 'COBRO', NULL),
(281, 'ENTRADA', 'COBRO PRESTAMO MIGRACION #31 - CUOTA 7', 'EFECTIVO', 400.00, 1, '2026-04-15 00:00:00', 31, 'COBRO', NULL),
(282, 'ENTRADA', 'COBRO PRESTAMO MIGRACION #31 - CUOTA 8', 'EFECTIVO', 700.00, 1, '2026-04-16 00:00:00', 31, 'COBRO', NULL),
(283, 'SALIDA', 'PRESTAMO MIGRACION #32', 'BANCO', 3000.00, 1, '2026-04-17 06:20:50', 32, 'PRESTAMO', NULL),
(284, 'ENTRADA', 'COBRO PRESTAMO MIGRACION #32 - CUOTA 1', 'EFECTIVO', 180.00, 1, '2026-04-02 00:00:00', 32, 'COBRO', NULL),
(285, 'ENTRADA', 'COBRO PRESTAMO MIGRACION #32 - CUOTA 2', 'EFECTIVO', 180.00, 1, '2026-04-06 00:00:00', 32, 'COBRO', NULL),
(286, 'ENTRADA', 'COBRO PRESTAMO MIGRACION #32 - CUOTA 3', 'EFECTIVO', 180.00, 1, '2026-04-07 00:00:00', 32, 'COBRO', NULL),
(287, 'ENTRADA', 'COBRO PRESTAMO MIGRACION #32 - CUOTA 4', 'EFECTIVO', 180.00, 1, '2026-04-08 00:00:00', 32, 'COBRO', NULL),
(288, 'ENTRADA', 'COBRO PRESTAMO MIGRACION #32 - CUOTA 5', 'EFECTIVO', 180.00, 1, '2026-04-09 00:00:00', 32, 'COBRO', NULL),
(289, 'ENTRADA', 'COBRO PRESTAMO MIGRACION #32 - CUOTA 6', 'EFECTIVO', 180.00, 1, '2026-04-10 00:00:00', 32, 'COBRO', NULL),
(290, 'ENTRADA', 'COBRO PRESTAMO MIGRACION #32 - CUOTA 7', 'EFECTIVO', 180.00, 1, '2026-04-11 00:00:00', 32, 'COBRO', NULL),
(291, 'ENTRADA', 'COBRO PRESTAMO MIGRACION #32 - CUOTA 8', 'EFECTIVO', 180.00, 1, '2026-04-13 00:00:00', 32, 'COBRO', NULL),
(292, 'ENTRADA', 'COBRO PRESTAMO MIGRACION #32 - CUOTA 9', 'EFECTIVO', 180.00, 1, '2026-04-14 00:00:00', 32, 'COBRO', NULL),
(293, 'ENTRADA', 'COBRO PRESTAMO MIGRACION #32 - CUOTA 10', 'EFECTIVO', 180.00, 1, '2026-04-15 00:00:00', 32, 'COBRO', NULL),
(294, 'ENTRADA', 'COBRO PRESTAMO MIGRACION #32 - CUOTA 11', 'EFECTIVO', 180.00, 1, '2026-04-16 00:00:00', 32, 'COBRO', NULL),
(295, 'SALIDA', 'PRESTAMO MIGRACION #33', 'BANCO', 2000.00, 1, '2026-04-17 06:21:32', 33, 'PRESTAMO', NULL),
(296, 'ENTRADA', 'COBRO PRESTAMO MIGRACION #33 - CUOTA 1', 'EFECTIVO', 120.00, 1, '2026-04-02 00:00:00', 33, 'COBRO', NULL),
(297, 'ENTRADA', 'COBRO PRESTAMO MIGRACION #33 - CUOTA 2', 'EFECTIVO', 240.00, 1, '2026-04-06 00:00:00', 33, 'COBRO', NULL),
(298, 'ENTRADA', 'COBRO PRESTAMO MIGRACION #33 - CUOTA 3', 'EFECTIVO', 240.00, 1, '2026-04-07 00:00:00', 33, 'COBRO', NULL),
(299, 'ENTRADA', 'COBRO PRESTAMO MIGRACION #33 - CUOTA 4', 'EFECTIVO', 120.00, 1, '2026-04-10 00:00:00', 33, 'COBRO', NULL),
(300, 'ENTRADA', 'COBRO PRESTAMO MIGRACION #33 - CUOTA 5', 'EFECTIVO', 240.00, 1, '2026-04-11 00:00:00', 33, 'COBRO', NULL),
(301, 'ENTRADA', 'COBRO PRESTAMO MIGRACION #33 - CUOTA 6', 'EFECTIVO', 120.00, 1, '2026-04-15 00:00:00', 33, 'COBRO', NULL),
(302, 'ENTRADA', 'COBRO PRESTAMO MIGRACION #33 - CUOTA 7', 'EFECTIVO', 119.99, 1, '2026-04-16 00:00:00', 33, 'COBRO', NULL),
(303, 'SALIDA', 'PRESTAMO MIGRACION #34', 'BANCO', 1500.00, 1, '2026-04-17 06:22:18', 34, 'PRESTAMO', NULL),
(304, 'ENTRADA', 'COBRO PRESTAMO MIGRACION #34 - CUOTA 1', 'EFECTIVO', 90.00, 1, '2026-04-02 00:00:00', 34, 'COBRO', NULL),
(305, 'ENTRADA', 'COBRO PRESTAMO MIGRACION #34 - CUOTA 2', 'EFECTIVO', 90.00, 1, '2026-04-06 00:00:00', 34, 'COBRO', NULL),
(306, 'ENTRADA', 'COBRO PRESTAMO MIGRACION #34 - CUOTA 3', 'EFECTIVO', 90.00, 1, '2026-04-07 00:00:00', 34, 'COBRO', NULL),
(307, 'ENTRADA', 'COBRO PRESTAMO MIGRACION #34 - CUOTA 4', 'EFECTIVO', 90.00, 1, '2026-04-08 00:00:00', 34, 'COBRO', NULL),
(308, 'ENTRADA', 'COBRO PRESTAMO MIGRACION #34 - CUOTA 5', 'EFECTIVO', 90.00, 1, '2026-04-09 00:00:00', 34, 'COBRO', NULL),
(309, 'ENTRADA', 'COBRO PRESTAMO MIGRACION #34 - CUOTA 6', 'EFECTIVO', 90.00, 1, '2026-04-10 00:00:00', 34, 'COBRO', NULL),
(310, 'ENTRADA', 'COBRO PRESTAMO MIGRACION #34 - CUOTA 7', 'EFECTIVO', 90.00, 1, '2026-04-13 00:00:00', 34, 'COBRO', NULL),
(311, 'ENTRADA', 'COBRO PRESTAMO MIGRACION #34 - CUOTA 8', 'EFECTIVO', 180.00, 1, '2026-04-15 00:00:00', 34, 'COBRO', NULL),
(312, 'ENTRADA', 'COBRO PRESTAMO MIGRACION #34 - CUOTA 9', 'EFECTIVO', 90.00, 1, '2026-04-16 00:00:00', 34, 'COBRO', NULL),
(313, 'SALIDA', 'PRESTAMO MIGRACION #35', 'BANCO', 10000.00, 1, '2026-04-17 06:23:16', 35, 'PRESTAMO', NULL),
(314, 'ENTRADA', 'COBRO PRESTAMO MIGRACION #35 - CUOTA 1', 'EFECTIVO', 600.00, 1, '2026-04-01 00:00:00', 35, 'COBRO', NULL),
(315, 'ENTRADA', 'COBRO PRESTAMO MIGRACION #35 - CUOTA 2', 'EFECTIVO', 600.00, 1, '2026-04-06 00:00:00', 35, 'COBRO', NULL),
(316, 'ENTRADA', 'COBRO PRESTAMO MIGRACION #35 - CUOTA 3', 'EFECTIVO', 600.00, 1, '2026-04-07 00:00:00', 35, 'COBRO', NULL),
(317, 'ENTRADA', 'COBRO PRESTAMO MIGRACION #35 - CUOTA 4', 'EFECTIVO', 600.00, 1, '2026-04-08 00:00:00', 35, 'COBRO', NULL),
(318, 'ENTRADA', 'COBRO PRESTAMO MIGRACION #35 - CUOTA 5', 'EFECTIVO', 600.00, 1, '2026-04-09 00:00:00', 35, 'COBRO', NULL),
(319, 'ENTRADA', 'COBRO PRESTAMO MIGRACION #35 - CUOTA 6', 'EFECTIVO', 600.00, 1, '2026-04-10 00:00:00', 35, 'COBRO', NULL),
(320, 'ENTRADA', 'COBRO PRESTAMO MIGRACION #35 - CUOTA 7', 'EFECTIVO', 600.00, 1, '2026-04-11 00:00:00', 35, 'COBRO', NULL),
(321, 'ENTRADA', 'COBRO PRESTAMO MIGRACION #35 - CUOTA 8', 'EFECTIVO', 600.00, 1, '2026-04-13 00:00:00', 35, 'COBRO', NULL),
(322, 'ENTRADA', 'COBRO PRESTAMO MIGRACION #35 - CUOTA 9', 'EFECTIVO', 600.00, 1, '2026-04-14 00:00:00', 35, 'COBRO', NULL),
(323, 'ENTRADA', 'COBRO PRESTAMO MIGRACION #35 - CUOTA 10', 'EFECTIVO', 600.00, 1, '2026-04-15 00:00:00', 35, 'COBRO', NULL),
(324, 'ENTRADA', 'COBRO PRESTAMO MIGRACION #35 - CUOTA 11', 'EFECTIVO', 600.00, 1, '2026-04-16 00:00:00', 35, 'COBRO', NULL),
(325, 'SALIDA', 'PRESTAMO MIGRACION #36', 'BANCO', 50000.00, 1, '2026-04-17 06:24:28', 36, 'PRESTAMO', NULL),
(326, 'ENTRADA', 'COBRO PRESTAMO MIGRACION #36 - CUOTA 1', 'EFECTIVO', 2400.00, 1, '2026-04-01 00:00:00', 36, 'COBRO', NULL),
(327, 'ENTRADA', 'COBRO PRESTAMO MIGRACION #36 - CUOTA 2', 'EFECTIVO', 2900.00, 1, '2026-04-02 00:00:00', 36, 'COBRO', NULL),
(328, 'ENTRADA', 'COBRO PRESTAMO MIGRACION #36 - CUOTA 3', 'EFECTIVO', 2700.00, 1, '2026-04-07 00:00:00', 36, 'COBRO', NULL),
(329, 'ENTRADA', 'COBRO PRESTAMO MIGRACION #36 - CUOTA 4', 'EFECTIVO', 2400.00, 1, '2026-04-08 00:00:00', 36, 'COBRO', NULL),
(330, 'ENTRADA', 'COBRO PRESTAMO MIGRACION #36 - CUOTA 5', 'EFECTIVO', 2400.00, 1, '2026-04-09 00:00:00', 36, 'COBRO', NULL),
(331, 'ENTRADA', 'COBRO PRESTAMO MIGRACION #36 - CUOTA 6', 'EFECTIVO', 2000.00, 1, '2026-04-10 00:00:00', 36, 'COBRO', NULL),
(332, 'ENTRADA', 'COBRO PRESTAMO MIGRACION #36 - CUOTA 7', 'EFECTIVO', 2400.00, 1, '2026-04-11 00:00:00', 36, 'COBRO', NULL),
(333, 'ENTRADA', 'COBRO PRESTAMO MIGRACION #36 - CUOTA 8', 'EFECTIVO', 1800.00, 1, '2026-04-13 00:00:00', 36, 'COBRO', NULL),
(334, 'ENTRADA', 'COBRO PRESTAMO MIGRACION #36 - CUOTA 9', 'EFECTIVO', 2200.00, 1, '2026-04-14 00:00:00', 36, 'COBRO', NULL),
(335, 'ENTRADA', 'COBRO PRESTAMO MIGRACION #36 - CUOTA 10', 'EFECTIVO', 2400.00, 1, '2026-04-15 00:00:00', 36, 'COBRO', NULL),
(336, 'ENTRADA', 'COBRO PRESTAMO MIGRACION #36 - CUOTA 11', 'EFECTIVO', 2400.00, 1, '2026-04-16 00:00:00', 36, 'COBRO', NULL),
(337, 'SALIDA', 'PRESTAMO MIGRACION #37', 'BANCO', 3000.00, 1, '2026-04-17 06:25:27', 37, 'PRESTAMO', NULL),
(338, 'ENTRADA', 'COBRO PRESTAMO MIGRACION #37 - CUOTA 1', 'EFECTIVO', 180.00, 1, '2026-04-01 00:00:00', 37, 'COBRO', NULL),
(339, 'ENTRADA', 'COBRO PRESTAMO MIGRACION #37 - CUOTA 2', 'EFECTIVO', 180.00, 1, '2026-04-02 00:00:00', 37, 'COBRO', NULL),
(340, 'ENTRADA', 'COBRO PRESTAMO MIGRACION #37 - CUOTA 3', 'EFECTIVO', 180.00, 1, '2026-04-06 00:00:00', 37, 'COBRO', NULL),
(341, 'ENTRADA', 'COBRO PRESTAMO MIGRACION #37 - CUOTA 4', 'EFECTIVO', 540.00, 1, '2026-04-14 00:00:00', 37, 'COBRO', NULL),
(342, 'ENTRADA', 'COBRO PRESTAMO MIGRACION #37 - CUOTA 5', 'EFECTIVO', 180.00, 1, '2026-04-15 00:00:00', 37, 'COBRO', NULL),
(343, 'ENTRADA', 'COBRO PRESTAMO MIGRACION #37 - CUOTA 6', 'EFECTIVO', 180.00, 1, '2026-04-16 00:00:00', 37, 'COBRO', NULL),
(344, 'SALIDA', 'PRESTAMO MIGRACION #38', 'BANCO', 3000.00, 1, '2026-04-17 06:26:19', 38, 'PRESTAMO', NULL),
(345, 'ENTRADA', 'COBRO PRESTAMO MIGRACION #38 - CUOTA 1', 'EFECTIVO', 180.00, 1, '2026-04-01 00:00:00', 38, 'COBRO', NULL),
(346, 'ENTRADA', 'COBRO PRESTAMO MIGRACION #38 - CUOTA 2', 'EFECTIVO', 180.00, 1, '2026-04-02 00:00:00', 38, 'COBRO', NULL),
(347, 'ENTRADA', 'COBRO PRESTAMO MIGRACION #38 - CUOTA 3', 'EFECTIVO', 180.00, 1, '2026-04-06 00:00:00', 38, 'COBRO', NULL),
(348, 'ENTRADA', 'COBRO PRESTAMO MIGRACION #38 - CUOTA 4', 'EFECTIVO', 180.00, 1, '2026-04-07 00:00:00', 38, 'COBRO', NULL),
(349, 'ENTRADA', 'COBRO PRESTAMO MIGRACION #38 - CUOTA 5', 'EFECTIVO', 180.00, 1, '2026-04-08 00:00:00', 38, 'COBRO', NULL),
(350, 'ENTRADA', 'COBRO PRESTAMO MIGRACION #38 - CUOTA 6', 'EFECTIVO', 180.00, 1, '2026-04-09 00:00:00', 38, 'COBRO', NULL),
(351, 'ENTRADA', 'COBRO PRESTAMO MIGRACION #38 - CUOTA 7', 'EFECTIVO', 180.00, 1, '2026-04-10 00:00:00', 38, 'COBRO', NULL),
(352, 'ENTRADA', 'COBRO PRESTAMO MIGRACION #38 - CUOTA 8', 'EFECTIVO', 180.00, 1, '2026-04-11 00:00:00', 38, 'COBRO', NULL),
(353, 'ENTRADA', 'COBRO PRESTAMO MIGRACION #38 - CUOTA 9', 'EFECTIVO', 180.00, 1, '2026-04-13 00:00:00', 38, 'COBRO', NULL),
(354, 'ENTRADA', 'COBRO PRESTAMO MIGRACION #38 - CUOTA 10', 'EFECTIVO', 180.00, 1, '2026-04-14 00:00:00', 38, 'COBRO', NULL),
(355, 'ENTRADA', 'COBRO PRESTAMO MIGRACION #38 - CUOTA 11', 'EFECTIVO', 180.00, 1, '2026-04-15 00:00:00', 38, 'COBRO', NULL),
(356, 'ENTRADA', 'COBRO PRESTAMO MIGRACION #38 - CUOTA 12', 'EFECTIVO', 180.00, 1, '2026-04-16 00:00:00', 38, 'COBRO', NULL),
(357, 'SALIDA', 'PRESTAMO MIGRACION #39', 'BANCO', 2000.00, 1, '2026-04-17 06:27:13', 39, 'PRESTAMO', NULL),
(358, 'ENTRADA', 'COBRO PRESTAMO MIGRACION #39 - CUOTA 1', 'EFECTIVO', 120.00, 1, '2026-04-01 00:00:00', 39, 'COBRO', NULL),
(359, 'ENTRADA', 'COBRO PRESTAMO MIGRACION #39 - CUOTA 2', 'EFECTIVO', 240.00, 1, '2026-04-02 00:00:00', 39, 'COBRO', NULL),
(360, 'ENTRADA', 'COBRO PRESTAMO MIGRACION #39 - CUOTA 3', 'EFECTIVO', 120.00, 1, '2026-04-06 00:00:00', 39, 'COBRO', NULL),
(361, 'ENTRADA', 'COBRO PRESTAMO MIGRACION #39 - CUOTA 4', 'EFECTIVO', 120.00, 1, '2026-04-07 00:00:00', 39, 'COBRO', NULL),
(362, 'ENTRADA', 'COBRO PRESTAMO MIGRACION #39 - CUOTA 5', 'EFECTIVO', 120.00, 1, '2026-04-08 00:00:00', 39, 'COBRO', NULL),
(363, 'ENTRADA', 'COBRO PRESTAMO MIGRACION #39 - CUOTA 6', 'EFECTIVO', 120.00, 1, '2026-04-09 00:00:00', 39, 'COBRO', NULL),
(364, 'ENTRADA', 'COBRO PRESTAMO MIGRACION #39 - CUOTA 7', 'EFECTIVO', 240.00, 1, '2026-04-11 00:00:00', 39, 'COBRO', NULL),
(365, 'ENTRADA', 'COBRO PRESTAMO MIGRACION #39 - CUOTA 8', 'EFECTIVO', 120.00, 1, '2026-04-13 00:00:00', 39, 'COBRO', NULL),
(366, 'ENTRADA', 'COBRO PRESTAMO MIGRACION #39 - CUOTA 9', 'EFECTIVO', 120.00, 1, '2026-04-14 00:00:00', 39, 'COBRO', NULL),
(367, 'ENTRADA', 'COBRO PRESTAMO MIGRACION #39 - CUOTA 10', 'EFECTIVO', 120.00, 1, '2026-04-15 00:00:00', 39, 'COBRO', NULL),
(368, 'ENTRADA', 'COBRO PRESTAMO MIGRACION #39 - CUOTA 11', 'EFECTIVO', 120.00, 1, '2026-04-16 00:00:00', 39, 'COBRO', NULL),
(369, 'SALIDA', 'PRESTAMO MIGRACION #40', 'BANCO', 6000.00, 1, '2026-04-17 06:28:07', 40, 'PRESTAMO', NULL),
(370, 'ENTRADA', 'COBRO PRESTAMO MIGRACION #40 - CUOTA 1', 'EFECTIVO', 360.00, 1, '2026-03-31 00:00:00', 40, 'COBRO', NULL),
(371, 'ENTRADA', 'COBRO PRESTAMO MIGRACION #40 - CUOTA 2', 'EFECTIVO', 360.00, 1, '2026-04-01 00:00:00', 40, 'COBRO', NULL),
(372, 'ENTRADA', 'COBRO PRESTAMO MIGRACION #40 - CUOTA 3', 'EFECTIVO', 360.00, 1, '2026-04-02 00:00:00', 40, 'COBRO', NULL),
(373, 'ENTRADA', 'COBRO PRESTAMO MIGRACION #40 - CUOTA 4', 'EFECTIVO', 1800.00, 1, '2026-04-07 00:00:00', 40, 'COBRO', NULL),
(374, 'ENTRADA', 'COBRO PRESTAMO MIGRACION #40 - CUOTA 5', 'EFECTIVO', 360.00, 1, '2026-04-09 00:00:00', 40, 'COBRO', NULL),
(375, 'ENTRADA', 'COBRO PRESTAMO MIGRACION #40 - CUOTA 6', 'EFECTIVO', 360.00, 1, '2026-04-10 00:00:00', 40, 'COBRO', NULL),
(376, 'ENTRADA', 'COBRO PRESTAMO MIGRACION #40 - CUOTA 7', 'EFECTIVO', 360.00, 1, '2026-04-13 00:00:00', 40, 'COBRO', NULL),
(377, 'ENTRADA', 'COBRO PRESTAMO MIGRACION #40 - CUOTA 8', 'EFECTIVO', 360.00, 1, '2026-04-14 00:00:00', 40, 'COBRO', NULL),
(378, 'ENTRADA', 'COBRO PRESTAMO MIGRACION #40 - CUOTA 9', 'EFECTIVO', 360.00, 1, '2026-04-15 00:00:00', 40, 'COBRO', NULL),
(379, 'ENTRADA', 'COBRO PRESTAMO MIGRACION #40 - CUOTA 10', 'EFECTIVO', 380.00, 1, '2026-04-16 00:00:00', 40, 'COBRO', NULL),
(380, 'SALIDA', 'PRESTAMO MIGRACION #41', 'BANCO', 3000.00, 1, '2026-04-17 06:29:03', 41, 'PRESTAMO', NULL),
(381, 'ENTRADA', 'COBRO PRESTAMO MIGRACION #41 - CUOTA 1', 'EFECTIVO', 180.00, 1, '2026-03-30 00:00:00', 41, 'COBRO', NULL),
(382, 'ENTRADA', 'COBRO PRESTAMO MIGRACION #41 - CUOTA 2', 'EFECTIVO', 180.00, 1, '2026-04-01 00:00:00', 41, 'COBRO', NULL),
(383, 'ENTRADA', 'COBRO PRESTAMO MIGRACION #41 - CUOTA 3', 'EFECTIVO', 180.00, 1, '2026-04-06 00:00:00', 41, 'COBRO', NULL),
(384, 'ENTRADA', 'COBRO PRESTAMO MIGRACION #41 - CUOTA 4', 'EFECTIVO', 180.00, 1, '2026-04-08 00:00:00', 41, 'COBRO', NULL),
(385, 'ENTRADA', 'COBRO PRESTAMO MIGRACION #41 - CUOTA 5', 'EFECTIVO', 180.00, 1, '2026-04-09 00:00:00', 41, 'COBRO', NULL),
(386, 'ENTRADA', 'COBRO PRESTAMO MIGRACION #41 - CUOTA 6', 'EFECTIVO', 180.00, 1, '2026-04-10 00:00:00', 41, 'COBRO', NULL),
(387, 'ENTRADA', 'COBRO PRESTAMO MIGRACION #41 - CUOTA 7', 'EFECTIVO', 180.00, 1, '2026-04-11 00:00:00', 41, 'COBRO', NULL),
(388, 'ENTRADA', 'COBRO PRESTAMO MIGRACION #41 - CUOTA 8', 'EFECTIVO', 180.00, 1, '2026-04-13 00:00:00', 41, 'COBRO', NULL),
(389, 'ENTRADA', 'COBRO PRESTAMO MIGRACION #41 - CUOTA 9', 'EFECTIVO', 180.00, 1, '2026-04-14 00:00:00', 41, 'COBRO', NULL),
(390, 'ENTRADA', 'COBRO PRESTAMO MIGRACION #41 - CUOTA 10', 'EFECTIVO', 180.00, 1, '2026-04-15 00:00:00', 41, 'COBRO', NULL),
(391, 'ENTRADA', 'COBRO PRESTAMO MIGRACION #41 - CUOTA 11', 'EFECTIVO', 300.00, 1, '2026-04-16 00:00:00', 41, 'COBRO', NULL),
(392, 'SALIDA', 'PRESTAMO MIGRACION #42', 'BANCO', 4000.00, 1, '2026-04-17 06:30:17', 42, 'PRESTAMO', NULL),
(393, 'ENTRADA', 'COBRO PRESTAMO MIGRACION #42 - CUOTA 1', 'EFECTIVO', 240.00, 1, '2026-03-29 00:00:00', 42, 'COBRO', NULL),
(394, 'ENTRADA', 'COBRO PRESTAMO MIGRACION #42 - CUOTA 2', 'EFECTIVO', 240.00, 1, '2026-03-30 00:00:00', 42, 'COBRO', NULL),
(395, 'ENTRADA', 'COBRO PRESTAMO MIGRACION #42 - CUOTA 3', 'EFECTIVO', 240.00, 1, '2026-03-31 00:00:00', 42, 'COBRO', NULL),
(396, 'ENTRADA', 'COBRO PRESTAMO MIGRACION #42 - CUOTA 4', 'EFECTIVO', 240.00, 1, '2026-04-01 00:00:00', 42, 'COBRO', NULL),
(397, 'ENTRADA', 'COBRO PRESTAMO MIGRACION #42 - CUOTA 5', 'EFECTIVO', 240.00, 1, '2026-04-02 00:00:00', 42, 'COBRO', NULL),
(398, 'ENTRADA', 'COBRO PRESTAMO MIGRACION #42 - CUOTA 6', 'EFECTIVO', 240.00, 1, '2026-04-06 00:00:00', 42, 'COBRO', NULL),
(399, 'ENTRADA', 'COBRO PRESTAMO MIGRACION #42 - CUOTA 7', 'EFECTIVO', 240.00, 1, '2026-04-07 00:00:00', 42, 'COBRO', NULL),
(400, 'ENTRADA', 'COBRO PRESTAMO MIGRACION #42 - CUOTA 8', 'EFECTIVO', 240.00, 1, '2026-04-08 00:00:00', 42, 'COBRO', NULL),
(401, 'ENTRADA', 'COBRO PRESTAMO MIGRACION #42 - CUOTA 9', 'EFECTIVO', 240.00, 1, '2026-04-09 00:00:00', 42, 'COBRO', NULL),
(402, 'ENTRADA', 'COBRO PRESTAMO MIGRACION #42 - CUOTA 10', 'EFECTIVO', 240.00, 1, '2026-04-10 00:00:00', 42, 'COBRO', NULL),
(403, 'ENTRADA', 'COBRO PRESTAMO MIGRACION #42 - CUOTA 11', 'EFECTIVO', 240.00, 1, '2026-04-11 00:00:00', 42, 'COBRO', NULL),
(404, 'ENTRADA', 'COBRO PRESTAMO MIGRACION #42 - CUOTA 12', 'EFECTIVO', 240.00, 1, '2026-04-13 00:00:00', 42, 'COBRO', NULL),
(405, 'ENTRADA', 'COBRO PRESTAMO MIGRACION #42 - CUOTA 13', 'EFECTIVO', 240.00, 1, '2026-04-14 00:00:00', 42, 'COBRO', NULL),
(406, 'ENTRADA', 'COBRO PRESTAMO MIGRACION #42 - CUOTA 14', 'EFECTIVO', 480.00, 1, '2026-04-16 00:00:00', 42, 'COBRO', NULL),
(407, 'SALIDA', 'PRESTAMO MIGRACION #43', 'BANCO', 2000.00, 1, '2026-04-17 06:31:21', 43, 'PRESTAMO', NULL),
(408, 'ENTRADA', 'COBRO PRESTAMO MIGRACION #43 - CUOTA 1', 'EFECTIVO', 240.00, 1, '2026-03-29 00:00:00', 43, 'COBRO', NULL),
(409, 'ENTRADA', 'COBRO PRESTAMO MIGRACION #43 - CUOTA 2', 'EFECTIVO', 120.00, 1, '2026-03-31 00:00:00', 43, 'COBRO', NULL),
(410, 'ENTRADA', 'COBRO PRESTAMO MIGRACION #43 - CUOTA 3', 'EFECTIVO', 120.00, 1, '2026-04-01 00:00:00', 43, 'COBRO', NULL),
(411, 'ENTRADA', 'COBRO PRESTAMO MIGRACION #43 - CUOTA 4', 'EFECTIVO', 240.00, 1, '2026-04-02 00:00:00', 43, 'COBRO', NULL),
(412, 'ENTRADA', 'COBRO PRESTAMO MIGRACION #43 - CUOTA 5', 'EFECTIVO', 120.00, 1, '2026-04-06 00:00:00', 43, 'COBRO', NULL);
INSERT INTO `caja` (`id_caja`, `tipo`, `concepto`, `medio`, `monto`, `id_empleado`, `fecha`, `id_prestamo`, `tipo_movimiento`, `referencia_id`) VALUES
(413, 'ENTRADA', 'COBRO PRESTAMO MIGRACION #43 - CUOTA 6', 'EFECTIVO', 120.00, 1, '2026-04-07 00:00:00', 43, 'COBRO', NULL),
(414, 'ENTRADA', 'COBRO PRESTAMO MIGRACION #43 - CUOTA 7', 'EFECTIVO', 240.00, 1, '2026-04-09 00:00:00', 43, 'COBRO', NULL),
(415, 'ENTRADA', 'COBRO PRESTAMO MIGRACION #43 - CUOTA 8', 'EFECTIVO', 240.00, 1, '2026-04-10 00:00:00', 43, 'COBRO', NULL),
(416, 'ENTRADA', 'COBRO PRESTAMO MIGRACION #43 - CUOTA 9', 'EFECTIVO', 120.00, 1, '2026-04-13 00:00:00', 43, 'COBRO', NULL),
(417, 'ENTRADA', 'COBRO PRESTAMO MIGRACION #43 - CUOTA 10', 'EFECTIVO', 240.00, 1, '2026-04-14 00:00:00', 43, 'COBRO', NULL),
(418, 'ENTRADA', 'COBRO PRESTAMO MIGRACION #43 - CUOTA 11', 'EFECTIVO', 120.00, 1, '2026-04-16 00:00:00', 43, 'COBRO', NULL),
(419, 'SALIDA', 'PRESTAMO MIGRACION #44', 'BANCO', 3000.00, 1, '2026-04-17 06:32:09', 44, 'PRESTAMO', NULL),
(420, 'ENTRADA', 'COBRO PRESTAMO MIGRACION #44 - CUOTA 1', 'EFECTIVO', 180.00, 1, '2026-03-29 00:00:00', 44, 'COBRO', NULL),
(421, 'ENTRADA', 'COBRO PRESTAMO MIGRACION #44 - CUOTA 2', 'EFECTIVO', 180.00, 1, '2026-03-30 00:00:00', 44, 'COBRO', NULL),
(422, 'ENTRADA', 'COBRO PRESTAMO MIGRACION #44 - CUOTA 3', 'EFECTIVO', 180.00, 1, '2026-03-31 00:00:00', 44, 'COBRO', NULL),
(423, 'ENTRADA', 'COBRO PRESTAMO MIGRACION #44 - CUOTA 4', 'EFECTIVO', 180.00, 1, '2026-04-01 00:00:00', 44, 'COBRO', NULL),
(424, 'ENTRADA', 'COBRO PRESTAMO MIGRACION #44 - CUOTA 5', 'EFECTIVO', 180.00, 1, '2026-04-06 00:00:00', 44, 'COBRO', NULL),
(425, 'ENTRADA', 'COBRO PRESTAMO MIGRACION #44 - CUOTA 6', 'EFECTIVO', 180.00, 1, '2026-04-07 00:00:00', 44, 'COBRO', NULL),
(426, 'ENTRADA', 'COBRO PRESTAMO MIGRACION #44 - CUOTA 7', 'EFECTIVO', 180.00, 1, '2026-04-08 00:00:00', 44, 'COBRO', NULL),
(427, 'ENTRADA', 'COBRO PRESTAMO MIGRACION #44 - CUOTA 8', 'EFECTIVO', 180.00, 1, '2026-04-09 00:00:00', 44, 'COBRO', NULL),
(428, 'ENTRADA', 'COBRO PRESTAMO MIGRACION #44 - CUOTA 9', 'EFECTIVO', 180.00, 1, '2026-04-13 00:00:00', 44, 'COBRO', NULL),
(429, 'ENTRADA', 'COBRO PRESTAMO MIGRACION #44 - CUOTA 10', 'EFECTIVO', 180.00, 1, '2026-04-14 00:00:00', 44, 'COBRO', NULL),
(430, 'ENTRADA', 'COBRO PRESTAMO MIGRACION #44 - CUOTA 11', 'EFECTIVO', 180.00, 1, '2026-04-15 00:00:00', 44, 'COBRO', NULL),
(431, 'ENTRADA', 'COBRO PRESTAMO MIGRACION #44 - CUOTA 12', 'EFECTIVO', 180.00, 1, '2026-04-16 00:00:00', 44, 'COBRO', NULL),
(432, 'SALIDA', 'PRESTAMO MIGRACION #45', 'BANCO', 30000.00, 1, '2026-04-17 06:33:55', 45, 'PRESTAMO', NULL),
(433, 'ENTRADA', 'COBRO PRESTAMO MIGRACION #45 - CUOTA 1', 'EFECTIVO', 1800.00, 1, '2026-03-28 00:00:00', 45, 'COBRO', NULL),
(434, 'ENTRADA', 'COBRO PRESTAMO MIGRACION #45 - CUOTA 2', 'EFECTIVO', 3600.00, 1, '2026-03-30 00:00:00', 45, 'COBRO', NULL),
(435, 'ENTRADA', 'COBRO PRESTAMO MIGRACION #45 - CUOTA 3', 'EFECTIVO', 1800.00, 1, '2026-04-01 00:00:00', 45, 'COBRO', NULL),
(436, 'ENTRADA', 'COBRO PRESTAMO MIGRACION #45 - CUOTA 4', 'EFECTIVO', 1800.00, 1, '2026-04-02 00:00:00', 45, 'COBRO', NULL),
(437, 'ENTRADA', 'COBRO PRESTAMO MIGRACION #45 - CUOTA 5', 'EFECTIVO', 900.00, 1, '2026-04-06 00:00:00', 45, 'COBRO', NULL),
(438, 'ENTRADA', 'COBRO PRESTAMO MIGRACION #45 - CUOTA 6', 'EFECTIVO', 1000.00, 1, '2026-04-07 00:00:00', 45, 'COBRO', NULL),
(439, 'ENTRADA', 'COBRO PRESTAMO MIGRACION #45 - CUOTA 7', 'EFECTIVO', 3500.00, 1, '2026-04-08 00:00:00', 45, 'COBRO', NULL),
(440, 'ENTRADA', 'COBRO PRESTAMO MIGRACION #45 - CUOTA 8', 'EFECTIVO', 3600.00, 1, '2026-04-10 00:00:00', 45, 'COBRO', NULL),
(441, 'ENTRADA', 'COBRO PRESTAMO MIGRACION #45 - CUOTA 9', 'EFECTIVO', 1800.00, 1, '2026-04-13 00:00:00', 45, 'COBRO', NULL),
(442, 'ENTRADA', 'COBRO PRESTAMO MIGRACION #45 - CUOTA 10', 'EFECTIVO', 4090.00, 1, '2026-04-15 00:00:00', 45, 'COBRO', NULL),
(443, 'ENTRADA', 'COBRO PRESTAMO MIGRACION #45 - CUOTA 11', 'EFECTIVO', 1800.00, 1, '2026-04-16 00:00:00', 45, 'COBRO', NULL),
(444, 'SALIDA', 'PRESTAMO MIGRACION #46', 'BANCO', 4000.00, 1, '2026-04-17 06:35:07', 46, 'PRESTAMO', NULL),
(445, 'ENTRADA', 'COBRO PRESTAMO MIGRACION #46 - CUOTA 1', 'EFECTIVO', 240.00, 1, '2026-03-27 00:00:00', 46, 'COBRO', NULL),
(446, 'ENTRADA', 'COBRO PRESTAMO MIGRACION #46 - CUOTA 2', 'EFECTIVO', 240.00, 1, '2026-03-28 00:00:00', 46, 'COBRO', NULL),
(447, 'ENTRADA', 'COBRO PRESTAMO MIGRACION #46 - CUOTA 3', 'EFECTIVO', 480.00, 1, '2026-03-29 00:00:00', 46, 'COBRO', NULL),
(448, 'ENTRADA', 'COBRO PRESTAMO MIGRACION #46 - CUOTA 4', 'EFECTIVO', 240.00, 1, '2026-03-31 00:00:00', 46, 'COBRO', NULL),
(449, 'ENTRADA', 'COBRO PRESTAMO MIGRACION #46 - CUOTA 5', 'EFECTIVO', 250.00, 1, '2026-04-06 00:00:00', 46, 'COBRO', NULL),
(450, 'ENTRADA', 'COBRO PRESTAMO MIGRACION #46 - CUOTA 6', 'EFECTIVO', 240.00, 1, '2026-04-07 00:00:00', 46, 'COBRO', NULL),
(451, 'ENTRADA', 'COBRO PRESTAMO MIGRACION #46 - CUOTA 7', 'EFECTIVO', 480.00, 1, '2026-04-09 00:00:00', 46, 'COBRO', NULL),
(452, 'ENTRADA', 'COBRO PRESTAMO MIGRACION #46 - CUOTA 8', 'EFECTIVO', 240.00, 1, '2026-04-10 00:00:00', 46, 'COBRO', NULL),
(453, 'ENTRADA', 'COBRO PRESTAMO MIGRACION #46 - CUOTA 9', 'EFECTIVO', 250.00, 1, '2026-04-13 00:00:00', 46, 'COBRO', NULL),
(454, 'ENTRADA', 'COBRO PRESTAMO MIGRACION #46 - CUOTA 10', 'EFECTIVO', 240.00, 1, '2026-04-14 00:00:00', 46, 'COBRO', NULL),
(455, 'ENTRADA', 'COBRO PRESTAMO MIGRACION #46 - CUOTA 11', 'EFECTIVO', 240.00, 1, '2026-04-15 00:00:00', 46, 'COBRO', NULL),
(456, 'ENTRADA', 'COBRO PRESTAMO MIGRACION #46 - CUOTA 12', 'EFECTIVO', 240.00, 1, '2026-04-16 00:00:00', 46, 'COBRO', NULL),
(457, 'SALIDA', 'PRESTAMO MIGRACION #47', 'BANCO', 5000.00, 1, '2026-04-17 06:39:05', 47, 'PRESTAMO', NULL),
(458, 'ENTRADA', 'COBRO PRESTAMO MIGRACION #47 - CUOTA 1', 'EFECTIVO', 300.00, 1, '2026-03-26 00:00:00', 47, 'COBRO', NULL),
(459, 'ENTRADA', 'COBRO PRESTAMO MIGRACION #47 - CUOTA 2', 'EFECTIVO', 300.00, 1, '2026-03-28 00:00:00', 47, 'COBRO', NULL),
(460, 'ENTRADA', 'COBRO PRESTAMO MIGRACION #47 - CUOTA 3', 'EFECTIVO', 300.00, 1, '2026-03-29 00:00:00', 47, 'COBRO', NULL),
(461, 'ENTRADA', 'COBRO PRESTAMO MIGRACION #47 - CUOTA 4', 'EFECTIVO', 300.00, 1, '2026-03-30 00:00:00', 47, 'COBRO', NULL),
(462, 'ENTRADA', 'COBRO PRESTAMO MIGRACION #47 - CUOTA 5', 'EFECTIVO', 300.00, 1, '2026-03-31 00:00:00', 47, 'COBRO', NULL),
(463, 'ENTRADA', 'COBRO PRESTAMO MIGRACION #47 - CUOTA 6', 'EFECTIVO', 300.00, 1, '2026-04-01 00:00:00', 47, 'COBRO', NULL),
(464, 'ENTRADA', 'COBRO PRESTAMO MIGRACION #47 - CUOTA 7', 'EFECTIVO', 300.00, 1, '2026-04-02 00:00:00', 47, 'COBRO', NULL),
(465, 'ENTRADA', 'COBRO PRESTAMO MIGRACION #47 - CUOTA 8', 'EFECTIVO', 600.00, 1, '2026-04-06 00:00:00', 47, 'COBRO', NULL),
(466, 'ENTRADA', 'COBRO PRESTAMO MIGRACION #47 - CUOTA 9', 'EFECTIVO', 300.00, 1, '2026-04-07 00:00:00', 47, 'COBRO', NULL),
(467, 'ENTRADA', 'COBRO PRESTAMO MIGRACION #47 - CUOTA 10', 'EFECTIVO', 300.00, 1, '2026-04-08 00:00:00', 47, 'COBRO', NULL),
(468, 'ENTRADA', 'COBRO PRESTAMO MIGRACION #47 - CUOTA 11', 'EFECTIVO', 300.00, 1, '2026-04-09 00:00:00', 47, 'COBRO', NULL),
(469, 'ENTRADA', 'COBRO PRESTAMO MIGRACION #47 - CUOTA 12', 'EFECTIVO', 300.00, 1, '2026-04-10 00:00:00', 47, 'COBRO', NULL),
(470, 'ENTRADA', 'COBRO PRESTAMO MIGRACION #47 - CUOTA 13', 'EFECTIVO', 300.00, 1, '2026-04-11 00:00:00', 47, 'COBRO', NULL),
(471, 'ENTRADA', 'COBRO PRESTAMO MIGRACION #47 - CUOTA 14', 'EFECTIVO', 300.00, 1, '2026-04-13 00:00:00', 47, 'COBRO', NULL),
(472, 'ENTRADA', 'COBRO PRESTAMO MIGRACION #47 - CUOTA 15', 'EFECTIVO', 300.00, 1, '2026-04-14 00:00:00', 47, 'COBRO', NULL),
(473, 'ENTRADA', 'COBRO PRESTAMO MIGRACION #47 - CUOTA 16', 'EFECTIVO', 300.00, 1, '2026-04-15 00:00:00', 47, 'COBRO', NULL),
(474, 'ENTRADA', 'COBRO PRESTAMO MIGRACION #47 - CUOTA 17', 'EFECTIVO', 300.00, 1, '2026-04-16 00:00:00', 47, 'COBRO', NULL),
(475, 'SALIDA', 'PRESTAMO MIGRACION #48', 'BANCO', 3000.00, 1, '2026-04-17 06:40:27', 48, 'PRESTAMO', NULL),
(476, 'ENTRADA', 'COBRO PRESTAMO MIGRACION #48 - CUOTA 1', 'EFECTIVO', 200.00, 1, '2026-03-25 00:00:00', 48, 'COBRO', NULL),
(477, 'ENTRADA', 'COBRO PRESTAMO MIGRACION #48 - CUOTA 2', 'EFECTIVO', 200.00, 1, '2026-03-26 00:00:00', 48, 'COBRO', NULL),
(478, 'ENTRADA', 'COBRO PRESTAMO MIGRACION #48 - CUOTA 3', 'EFECTIVO', 200.00, 1, '2026-03-27 00:00:00', 48, 'COBRO', NULL),
(479, 'ENTRADA', 'COBRO PRESTAMO MIGRACION #48 - CUOTA 4', 'EFECTIVO', 200.00, 1, '2026-03-28 00:00:00', 48, 'COBRO', NULL),
(480, 'ENTRADA', 'COBRO PRESTAMO MIGRACION #48 - CUOTA 5', 'EFECTIVO', 200.00, 1, '2026-03-30 00:00:00', 48, 'COBRO', NULL),
(481, 'ENTRADA', 'COBRO PRESTAMO MIGRACION #48 - CUOTA 6', 'EFECTIVO', 200.00, 1, '2026-04-01 00:00:00', 48, 'COBRO', NULL),
(482, 'ENTRADA', 'COBRO PRESTAMO MIGRACION #48 - CUOTA 7', 'EFECTIVO', 200.00, 1, '2026-04-02 00:00:00', 48, 'COBRO', NULL),
(483, 'ENTRADA', 'COBRO PRESTAMO MIGRACION #48 - CUOTA 8', 'EFECTIVO', 200.00, 1, '2026-04-06 00:00:00', 48, 'COBRO', NULL),
(484, 'ENTRADA', 'COBRO PRESTAMO MIGRACION #48 - CUOTA 9', 'EFECTIVO', 200.00, 1, '2026-04-07 00:00:00', 48, 'COBRO', NULL),
(485, 'ENTRADA', 'COBRO PRESTAMO MIGRACION #48 - CUOTA 10', 'EFECTIVO', 200.00, 1, '2026-04-09 00:00:00', 48, 'COBRO', NULL),
(486, 'ENTRADA', 'COBRO PRESTAMO MIGRACION #48 - CUOTA 11', 'EFECTIVO', 200.00, 1, '2026-04-10 00:00:00', 48, 'COBRO', NULL),
(487, 'ENTRADA', 'COBRO PRESTAMO MIGRACION #48 - CUOTA 12', 'EFECTIVO', 200.00, 1, '2026-04-11 00:00:00', 48, 'COBRO', NULL),
(488, 'ENTRADA', 'COBRO PRESTAMO MIGRACION #48 - CUOTA 13', 'EFECTIVO', 200.00, 1, '2026-04-13 00:00:00', 48, 'COBRO', NULL),
(489, 'ENTRADA', 'COBRO PRESTAMO MIGRACION #48 - CUOTA 14', 'EFECTIVO', 200.00, 1, '2026-04-14 00:00:00', 48, 'COBRO', NULL),
(490, 'ENTRADA', 'COBRO PRESTAMO MIGRACION #48 - CUOTA 15', 'EFECTIVO', 200.00, 1, '2026-04-15 00:00:00', 48, 'COBRO', NULL),
(491, 'ENTRADA', 'COBRO PRESTAMO MIGRACION #48 - CUOTA 16', 'EFECTIVO', 200.00, 1, '2026-04-16 00:00:00', 48, 'COBRO', NULL),
(492, 'SALIDA', 'PRESTAMO MIGRACION #49', 'BANCO', 2000.00, 1, '2026-04-17 06:42:47', 49, 'PRESTAMO', NULL),
(493, 'ENTRADA', 'COBRO PRESTAMO MIGRACION #49 - CUOTA 1', 'EFECTIVO', 120.00, 1, '2026-03-26 00:00:00', 49, 'COBRO', NULL),
(494, 'ENTRADA', 'COBRO PRESTAMO MIGRACION #49 - CUOTA 2', 'EFECTIVO', 120.00, 1, '2026-03-27 00:00:00', 49, 'COBRO', NULL),
(495, 'ENTRADA', 'COBRO PRESTAMO MIGRACION #49 - CUOTA 3', 'EFECTIVO', 120.00, 1, '2026-03-28 00:00:00', 49, 'COBRO', NULL),
(496, 'ENTRADA', 'COBRO PRESTAMO MIGRACION #49 - CUOTA 4', 'EFECTIVO', 120.00, 1, '2026-03-29 00:00:00', 49, 'COBRO', NULL),
(497, 'ENTRADA', 'COBRO PRESTAMO MIGRACION #49 - CUOTA 5', 'EFECTIVO', 120.00, 1, '2026-03-30 00:00:00', 49, 'COBRO', NULL),
(498, 'ENTRADA', 'COBRO PRESTAMO MIGRACION #49 - CUOTA 6', 'EFECTIVO', 120.00, 1, '2026-03-31 00:00:00', 49, 'COBRO', NULL),
(499, 'ENTRADA', 'COBRO PRESTAMO MIGRACION #49 - CUOTA 7', 'EFECTIVO', 120.00, 1, '2026-04-01 00:00:00', 49, 'COBRO', NULL),
(500, 'ENTRADA', 'COBRO PRESTAMO MIGRACION #49 - CUOTA 8', 'EFECTIVO', 120.00, 1, '2026-04-02 00:00:00', 49, 'COBRO', NULL),
(501, 'ENTRADA', 'COBRO PRESTAMO MIGRACION #49 - CUOTA 9', 'EFECTIVO', 120.00, 1, '2026-04-06 00:00:00', 49, 'COBRO', NULL),
(502, 'ENTRADA', 'COBRO PRESTAMO MIGRACION #49 - CUOTA 10', 'EFECTIVO', 120.00, 1, '2026-04-07 00:00:00', 49, 'COBRO', NULL),
(503, 'ENTRADA', 'COBRO PRESTAMO MIGRACION #49 - CUOTA 11', 'EFECTIVO', 120.00, 1, '2026-04-10 00:00:00', 49, 'COBRO', NULL),
(504, 'ENTRADA', 'COBRO PRESTAMO MIGRACION #49 - CUOTA 12', 'EFECTIVO', 120.00, 1, '2026-04-11 00:00:00', 49, 'COBRO', NULL),
(505, 'ENTRADA', 'COBRO PRESTAMO MIGRACION #49 - CUOTA 13', 'EFECTIVO', 120.00, 1, '2026-04-14 00:00:00', 49, 'COBRO', NULL),
(506, 'ENTRADA', 'COBRO PRESTAMO MIGRACION #49 - CUOTA 14', 'EFECTIVO', 120.00, 1, '2026-04-16 00:00:00', 49, 'COBRO', NULL),
(507, 'SALIDA', 'PRESTAMO MIGRACION #50', 'BANCO', 2000.00, 1, '2026-04-17 06:44:20', 50, 'PRESTAMO', NULL),
(508, 'ENTRADA', 'COBRO PRESTAMO MIGRACION #50 - CUOTA 1', 'EFECTIVO', 120.00, 1, '2026-03-25 00:00:00', 50, 'COBRO', NULL),
(509, 'ENTRADA', 'COBRO PRESTAMO MIGRACION #50 - CUOTA 2', 'EFECTIVO', 120.00, 1, '2026-03-26 00:00:00', 50, 'COBRO', NULL),
(510, 'ENTRADA', 'COBRO PRESTAMO MIGRACION #50 - CUOTA 3', 'EFECTIVO', 120.00, 1, '2026-03-27 00:00:00', 50, 'COBRO', NULL),
(511, 'ENTRADA', 'COBRO PRESTAMO MIGRACION #50 - CUOTA 4', 'EFECTIVO', 240.00, 1, '2026-03-28 00:00:00', 50, 'COBRO', NULL),
(512, 'ENTRADA', 'COBRO PRESTAMO MIGRACION #50 - CUOTA 5', 'EFECTIVO', 120.00, 1, '2026-03-31 00:00:00', 50, 'COBRO', NULL),
(513, 'ENTRADA', 'COBRO PRESTAMO MIGRACION #50 - CUOTA 6', 'EFECTIVO', 120.00, 1, '2026-04-01 00:00:00', 50, 'COBRO', NULL),
(514, 'ENTRADA', 'COBRO PRESTAMO MIGRACION #50 - CUOTA 7', 'EFECTIVO', 240.00, 1, '2026-04-06 00:00:00', 50, 'COBRO', NULL),
(515, 'ENTRADA', 'COBRO PRESTAMO MIGRACION #50 - CUOTA 8', 'EFECTIVO', 120.00, 1, '2026-04-07 00:00:00', 50, 'COBRO', NULL),
(516, 'ENTRADA', 'COBRO PRESTAMO MIGRACION #50 - CUOTA 9', 'EFECTIVO', 240.00, 1, '2026-04-09 00:00:00', 50, 'COBRO', NULL),
(517, 'ENTRADA', 'COBRO PRESTAMO MIGRACION #50 - CUOTA 10', 'EFECTIVO', 360.00, 1, '2026-04-13 00:00:00', 50, 'COBRO', NULL),
(518, 'ENTRADA', 'COBRO PRESTAMO MIGRACION #50 - CUOTA 11', 'EFECTIVO', 240.00, 1, '2026-04-15 00:00:00', 50, 'COBRO', NULL),
(519, 'ENTRADA', 'COBRO PRESTAMO MIGRACION #50 - CUOTA 12', 'EFECTIVO', 120.00, 1, '2026-04-16 00:00:00', 50, 'COBRO', NULL),
(520, 'SALIDA', 'PRESTAMO MIGRACION #51', 'BANCO', 2000.00, 1, '2026-04-17 06:45:24', 51, 'PRESTAMO', NULL),
(521, 'ENTRADA', 'COBRO PRESTAMO MIGRACION #51 - CUOTA 1', 'EFECTIVO', 120.00, 1, '2026-03-23 00:00:00', 51, 'COBRO', NULL),
(522, 'ENTRADA', 'COBRO PRESTAMO MIGRACION #51 - CUOTA 2', 'EFECTIVO', 120.00, 1, '2026-03-24 00:00:00', 51, 'COBRO', NULL),
(523, 'ENTRADA', 'COBRO PRESTAMO MIGRACION #51 - CUOTA 3', 'EFECTIVO', 120.00, 1, '2026-03-25 00:00:00', 51, 'COBRO', NULL),
(524, 'ENTRADA', 'COBRO PRESTAMO MIGRACION #51 - CUOTA 4', 'EFECTIVO', 120.00, 1, '2026-03-26 00:00:00', 51, 'COBRO', NULL),
(525, 'ENTRADA', 'COBRO PRESTAMO MIGRACION #51 - CUOTA 5', 'EFECTIVO', 120.00, 1, '2026-03-27 00:00:00', 51, 'COBRO', NULL),
(526, 'ENTRADA', 'COBRO PRESTAMO MIGRACION #51 - CUOTA 6', 'EFECTIVO', 120.00, 1, '2026-03-28 00:00:00', 51, 'COBRO', NULL),
(527, 'ENTRADA', 'COBRO PRESTAMO MIGRACION #51 - CUOTA 7', 'EFECTIVO', 120.00, 1, '2026-03-30 00:00:00', 51, 'COBRO', NULL),
(528, 'ENTRADA', 'COBRO PRESTAMO MIGRACION #51 - CUOTA 8', 'EFECTIVO', 120.00, 1, '2026-03-31 00:00:00', 51, 'COBRO', NULL),
(529, 'ENTRADA', 'COBRO PRESTAMO MIGRACION #51 - CUOTA 9', 'EFECTIVO', 120.00, 1, '2026-04-01 00:00:00', 51, 'COBRO', NULL),
(530, 'ENTRADA', 'COBRO PRESTAMO MIGRACION #51 - CUOTA 10', 'EFECTIVO', 120.00, 1, '2026-04-06 00:00:00', 51, 'COBRO', NULL),
(531, 'ENTRADA', 'COBRO PRESTAMO MIGRACION #51 - CUOTA 11', 'EFECTIVO', 120.00, 1, '2026-04-07 00:00:00', 51, 'COBRO', NULL),
(532, 'ENTRADA', 'COBRO PRESTAMO MIGRACION #51 - CUOTA 12', 'EFECTIVO', 120.00, 1, '2026-04-08 00:00:00', 51, 'COBRO', NULL),
(533, 'ENTRADA', 'COBRO PRESTAMO MIGRACION #51 - CUOTA 13', 'EFECTIVO', 120.00, 1, '2026-04-09 00:00:00', 51, 'COBRO', NULL),
(534, 'ENTRADA', 'COBRO PRESTAMO MIGRACION #51 - CUOTA 14', 'EFECTIVO', 120.00, 1, '2026-04-10 00:00:00', 51, 'COBRO', NULL),
(535, 'ENTRADA', 'COBRO PRESTAMO MIGRACION #51 - CUOTA 15', 'EFECTIVO', 120.00, 1, '2026-04-11 00:00:00', 51, 'COBRO', NULL),
(536, 'ENTRADA', 'COBRO PRESTAMO MIGRACION #51 - CUOTA 16', 'EFECTIVO', 120.00, 1, '2026-04-13 00:00:00', 51, 'COBRO', NULL),
(537, 'ENTRADA', 'COBRO PRESTAMO MIGRACION #51 - CUOTA 17', 'EFECTIVO', 120.00, 1, '2026-04-14 00:00:00', 51, 'COBRO', NULL),
(538, 'ENTRADA', 'COBRO PRESTAMO MIGRACION #51 - CUOTA 18', 'EFECTIVO', 120.00, 1, '2026-04-15 00:00:00', 51, 'COBRO', NULL),
(539, 'ENTRADA', 'COBRO PRESTAMO MIGRACION #51 - CUOTA 19', 'EFECTIVO', 120.00, 1, '2026-04-16 00:00:00', 51, 'COBRO', NULL),
(540, 'SALIDA', 'PRESTAMO MIGRACION #52', 'BANCO', 5000.00, 1, '2026-04-17 06:47:06', 52, 'PRESTAMO', NULL),
(541, 'ENTRADA', 'COBRO PRESTAMO MIGRACION #52 - CUOTA 1', 'EFECTIVO', 300.00, 1, '2026-03-18 00:00:00', 52, 'COBRO', NULL),
(542, 'ENTRADA', 'COBRO PRESTAMO MIGRACION #52 - CUOTA 2', 'EFECTIVO', 300.00, 1, '2026-03-19 00:00:00', 52, 'COBRO', NULL),
(543, 'ENTRADA', 'COBRO PRESTAMO MIGRACION #52 - CUOTA 3', 'EFECTIVO', 300.00, 1, '2026-03-20 00:00:00', 52, 'COBRO', NULL),
(544, 'ENTRADA', 'COBRO PRESTAMO MIGRACION #52 - CUOTA 4', 'EFECTIVO', 300.00, 1, '2026-03-21 00:00:00', 52, 'COBRO', NULL),
(545, 'ENTRADA', 'COBRO PRESTAMO MIGRACION #52 - CUOTA 5', 'EFECTIVO', 300.00, 1, '2026-03-23 00:00:00', 52, 'COBRO', NULL),
(546, 'ENTRADA', 'COBRO PRESTAMO MIGRACION #52 - CUOTA 6', 'EFECTIVO', 300.00, 1, '2026-03-24 00:00:00', 52, 'COBRO', NULL),
(547, 'ENTRADA', 'COBRO PRESTAMO MIGRACION #52 - CUOTA 7', 'EFECTIVO', 300.00, 1, '2026-03-26 00:00:00', 52, 'COBRO', NULL),
(548, 'ENTRADA', 'COBRO PRESTAMO MIGRACION #52 - CUOTA 8', 'EFECTIVO', 300.00, 1, '2026-03-27 00:00:00', 52, 'COBRO', NULL),
(549, 'ENTRADA', 'COBRO PRESTAMO MIGRACION #52 - CUOTA 9', 'EFECTIVO', 300.00, 1, '2026-03-30 00:00:00', 52, 'COBRO', NULL),
(550, 'ENTRADA', 'COBRO PRESTAMO MIGRACION #52 - CUOTA 10', 'EFECTIVO', 300.00, 1, '2026-04-01 00:00:00', 52, 'COBRO', NULL),
(551, 'ENTRADA', 'COBRO PRESTAMO MIGRACION #52 - CUOTA 11', 'EFECTIVO', 300.00, 1, '2026-04-02 00:00:00', 52, 'COBRO', NULL),
(552, 'ENTRADA', 'COBRO PRESTAMO MIGRACION #52 - CUOTA 12', 'EFECTIVO', 300.00, 1, '2026-04-06 00:00:00', 52, 'COBRO', NULL),
(553, 'ENTRADA', 'COBRO PRESTAMO MIGRACION #52 - CUOTA 13', 'EFECTIVO', 300.00, 1, '2026-04-07 00:00:00', 52, 'COBRO', NULL),
(554, 'ENTRADA', 'COBRO PRESTAMO MIGRACION #52 - CUOTA 14', 'EFECTIVO', 300.00, 1, '2026-04-08 00:00:00', 52, 'COBRO', NULL),
(555, 'ENTRADA', 'COBRO PRESTAMO MIGRACION #52 - CUOTA 15', 'EFECTIVO', 300.00, 1, '2026-04-09 00:00:00', 52, 'COBRO', NULL),
(556, 'ENTRADA', 'COBRO PRESTAMO MIGRACION #52 - CUOTA 16', 'EFECTIVO', 300.00, 1, '2026-04-10 00:00:00', 52, 'COBRO', NULL),
(557, 'ENTRADA', 'COBRO PRESTAMO MIGRACION #52 - CUOTA 17', 'EFECTIVO', 300.00, 1, '2026-04-13 00:00:00', 52, 'COBRO', NULL),
(558, 'ENTRADA', 'COBRO PRESTAMO MIGRACION #52 - CUOTA 18', 'EFECTIVO', 300.00, 1, '2026-04-14 00:00:00', 52, 'COBRO', NULL),
(559, 'ENTRADA', 'COBRO PRESTAMO MIGRACION #52 - CUOTA 19', 'EFECTIVO', 300.00, 1, '2026-04-15 00:00:00', 52, 'COBRO', NULL),
(560, 'SALIDA', 'PRESTAMO MIGRACION #53', 'BANCO', 1000.00, 1, '2026-04-17 06:47:37', 53, 'PRESTAMO', NULL),
(561, 'ENTRADA', 'COBRO PRESTAMO MIGRACION #53 - CUOTA 1', 'EFECTIVO', 60.00, 1, '2026-04-14 00:00:00', 53, 'COBRO', NULL),
(562, 'SALIDA', 'PRESTAMO MIGRACION #54', 'BANCO', 3200.00, 1, '2026-04-17 06:48:26', 54, 'PRESTAMO', NULL),
(563, 'ENTRADA', 'COBRO PRESTAMO MIGRACION #54 - CUOTA 1', 'EFECTIVO', 230.00, 1, '2026-03-02 00:00:00', 54, 'COBRO', NULL),
(564, 'ENTRADA', 'COBRO PRESTAMO MIGRACION #54 - CUOTA 2', 'EFECTIVO', 200.00, 1, '2026-03-07 00:00:00', 54, 'COBRO', NULL),
(565, 'ENTRADA', 'COBRO PRESTAMO MIGRACION #54 - CUOTA 3', 'EFECTIVO', 400.00, 1, '2026-03-18 00:00:00', 54, 'COBRO', NULL),
(566, 'ENTRADA', 'COBRO PRESTAMO MIGRACION #54 - CUOTA 4', 'EFECTIVO', 300.00, 1, '2026-03-28 00:00:00', 54, 'COBRO', NULL),
(567, 'ENTRADA', 'COBRO PRESTAMO MIGRACION #54 - CUOTA 5', 'EFECTIVO', 350.00, 1, '2026-04-11 00:00:00', 54, 'COBRO', NULL),
(568, 'ENTRADA', 'COBRO PRESTAMO MIGRACION #54 - CUOTA 6', 'EFECTIVO', 400.00, 1, '2026-04-14 00:00:00', 54, 'COBRO', NULL),
(569, 'SALIDA', 'PRESTAMO MIGRACION #55', 'BANCO', 5000.00, 1, '2026-04-17 06:48:59', 55, 'PRESTAMO', NULL),
(570, 'ENTRADA', 'COBRO PRESTAMO MIGRACION #55 - CUOTA 1', 'EFECTIVO', 300.00, 1, '2026-04-09 00:00:00', 55, 'COBRO', NULL),
(571, 'ENTRADA', 'COBRO PRESTAMO MIGRACION #55 - CUOTA 2', 'EFECTIVO', 300.00, 1, '2026-04-10 00:00:00', 55, 'COBRO', NULL),
(572, 'ENTRADA', 'COBRO PRESTAMO MIGRACION #55 - CUOTA 3', 'EFECTIVO', 300.00, 1, '2026-04-11 00:00:00', 55, 'COBRO', NULL),
(573, 'ENTRADA', 'COBRO PRESTAMO MIGRACION #55 - CUOTA 4', 'EFECTIVO', 300.00, 1, '2026-04-13 00:00:00', 55, 'COBRO', NULL),
(574, 'ENTRADA', 'COBRO PRESTAMO MIGRACION #55 - CUOTA 5', 'EFECTIVO', 300.00, 1, '2026-04-14 00:00:00', 55, 'COBRO', NULL),
(575, 'ENTRADA', 'COBRO PRESTAMO MIGRACION #55 - CUOTA 6', 'EFECTIVO', 300.00, 1, '2026-04-15 00:00:00', 55, 'COBRO', NULL),
(576, 'SALIDA', 'PRESTAMO MIGRACION #56', 'BANCO', 1000.00, 1, '2026-04-17 06:49:27', 56, 'PRESTAMO', NULL),
(577, 'ENTRADA', 'COBRO PRESTAMO MIGRACION #56 - CUOTA 1', 'EFECTIVO', 60.00, 1, '2026-04-11 00:00:00', 56, 'COBRO', NULL),
(578, 'ENTRADA', 'COBRO PRESTAMO MIGRACION #56 - CUOTA 2', 'EFECTIVO', 60.00, 1, '2026-04-13 00:00:00', 56, 'COBRO', NULL),
(579, 'ENTRADA', 'COBRO PRESTAMO MIGRACION #56 - CUOTA 3', 'EFECTIVO', 60.00, 1, '2026-04-14 00:00:00', 56, 'COBRO', NULL),
(580, 'ENTRADA', 'COBRO PRESTAMO MIGRACION #56 - CUOTA 4', 'EFECTIVO', 60.00, 1, '2026-04-15 00:00:00', 56, 'COBRO', NULL),
(581, 'SALIDA', 'PRESTAMO MIGRACION #57', 'BANCO', 5000.00, 1, '2026-04-17 06:50:07', 57, 'PRESTAMO', NULL),
(582, 'ENTRADA', 'COBRO PRESTAMO MIGRACION #57 - CUOTA 1', 'EFECTIVO', 300.00, 1, '2026-04-09 00:00:00', 57, 'COBRO', NULL),
(583, 'ENTRADA', 'COBRO PRESTAMO MIGRACION #57 - CUOTA 2', 'EFECTIVO', 300.00, 1, '2026-04-10 00:00:00', 57, 'COBRO', NULL),
(584, 'ENTRADA', 'COBRO PRESTAMO MIGRACION #57 - CUOTA 3', 'EFECTIVO', 300.00, 1, '2026-04-11 00:00:00', 57, 'COBRO', NULL),
(585, 'ENTRADA', 'COBRO PRESTAMO MIGRACION #57 - CUOTA 4', 'EFECTIVO', 220.00, 1, '2026-04-15 00:00:00', 57, 'COBRO', NULL),
(586, 'SALIDA', 'PRESTAMO MIGRACION #58', 'BANCO', 12000.00, 1, '2026-04-17 06:50:58', 58, 'PRESTAMO', NULL),
(587, 'ENTRADA', 'COBRO PRESTAMO MIGRACION #58 - CUOTA 1', 'EFECTIVO', 720.00, 1, '2026-03-24 00:00:00', 58, 'COBRO', NULL),
(588, 'ENTRADA', 'COBRO PRESTAMO MIGRACION #58 - CUOTA 2', 'EFECTIVO', 720.00, 1, '2026-03-26 00:00:00', 58, 'COBRO', NULL),
(589, 'ENTRADA', 'COBRO PRESTAMO MIGRACION #58 - CUOTA 3', 'EFECTIVO', 720.00, 1, '2026-03-27 00:00:00', 58, 'COBRO', NULL),
(590, 'ENTRADA', 'COBRO PRESTAMO MIGRACION #58 - CUOTA 4', 'EFECTIVO', 720.00, 1, '2026-03-28 00:00:00', 58, 'COBRO', NULL),
(591, 'ENTRADA', 'COBRO PRESTAMO MIGRACION #58 - CUOTA 5', 'EFECTIVO', 1100.00, 1, '2026-04-07 00:00:00', 58, 'COBRO', NULL),
(592, 'ENTRADA', 'COBRO PRESTAMO MIGRACION #58 - CUOTA 6', 'EFECTIVO', 2500.00, 1, '2026-04-14 00:00:00', 58, 'COBRO', NULL),
(593, 'ENTRADA', 'COBRO PRESTAMO MIGRACION #58 - CUOTA 7', 'EFECTIVO', 1000.00, 1, '2026-04-14 00:00:00', 58, 'COBRO', NULL),
(594, 'ENTRADA', 'COBRO PRESTAMO MIGRACION #58 - CUOTA 8', 'EFECTIVO', 720.00, 1, '2026-04-15 00:00:00', 58, 'COBRO', NULL),
(595, 'SALIDA', 'PRESTAMO MIGRACION #59', 'BANCO', 15000.00, 1, '2026-04-17 06:51:19', 59, 'PRESTAMO', NULL),
(596, 'ENTRADA', 'COBRO PRESTAMO MIGRACION #59 - CUOTA 1', 'EFECTIVO', 900.00, 1, '2026-03-28 00:00:00', 59, 'COBRO', NULL),
(597, 'ENTRADA', 'COBRO PRESTAMO MIGRACION #59 - CUOTA 2', 'EFECTIVO', 1400.00, 1, '2026-02-06 00:00:00', 59, 'COBRO', NULL),
(598, 'SALIDA', 'PRESTAMO MIGRACION #60', 'BANCO', 15000.00, 1, '2026-04-17 06:52:19', 60, 'PRESTAMO', NULL),
(599, 'ENTRADA', 'COBRO PRESTAMO MIGRACION #60 - CUOTA 1', 'EFECTIVO', 900.00, 1, '2026-03-27 00:00:00', 60, 'COBRO', NULL),
(600, 'ENTRADA', 'COBRO PRESTAMO MIGRACION #60 - CUOTA 2', 'EFECTIVO', 900.00, 1, '2026-03-28 00:00:00', 60, 'COBRO', NULL),
(601, 'ENTRADA', 'COBRO PRESTAMO MIGRACION #60 - CUOTA 3', 'EFECTIVO', 1400.00, 1, '2026-02-06 00:00:00', 60, 'COBRO', NULL),
(602, 'ENTRADA', 'COBRO PRESTAMO MIGRACION #60 - CUOTA 4', 'EFECTIVO', 900.00, 1, '2026-04-07 00:00:00', 60, 'COBRO', NULL),
(603, 'SALIDA', 'PRESTAMO MIGRACION #61', 'BANCO', 25000.00, 1, '2026-04-17 06:53:12', 61, 'PRESTAMO', NULL),
(604, 'ENTRADA', 'COBRO PRESTAMO MIGRACION #61 - CUOTA 1', 'EFECTIVO', 1500.00, 1, '2026-04-06 00:00:00', 61, 'COBRO', NULL),
(605, 'SALIDA', 'PRESTAMO MIGRACION #62', 'BANCO', 2000.00, 1, '2026-04-17 06:53:55', 62, 'PRESTAMO', NULL),
(606, 'ENTRADA', 'COBRO PRESTAMO MIGRACION #62 - CUOTA 1', 'EFECTIVO', 120.00, 1, '2026-02-20 00:00:00', 62, 'COBRO', NULL),
(607, 'ENTRADA', 'COBRO PRESTAMO MIGRACION #62 - CUOTA 2', 'EFECTIVO', 120.00, 1, '2026-02-21 00:00:00', 62, 'COBRO', NULL),
(608, 'ENTRADA', 'COBRO PRESTAMO MIGRACION #62 - CUOTA 3', 'EFECTIVO', 120.00, 1, '2026-02-24 00:00:00', 62, 'COBRO', NULL),
(609, 'ENTRADA', 'COBRO PRESTAMO MIGRACION #62 - CUOTA 4', 'EFECTIVO', 120.00, 1, '2026-02-27 00:00:00', 62, 'COBRO', NULL),
(610, 'ENTRADA', 'COBRO PRESTAMO MIGRACION #62 - CUOTA 5', 'EFECTIVO', 120.00, 1, '2026-02-28 00:00:00', 62, 'COBRO', NULL),
(611, 'ENTRADA', 'COBRO PRESTAMO MIGRACION #62 - CUOTA 6', 'EFECTIVO', 120.00, 1, '2026-03-02 00:00:00', 62, 'COBRO', NULL),
(612, 'ENTRADA', 'COBRO PRESTAMO MIGRACION #62 - CUOTA 7', 'EFECTIVO', 120.00, 1, '2026-03-05 00:00:00', 62, 'COBRO', NULL),
(613, 'ENTRADA', 'COBRO PRESTAMO MIGRACION #62 - CUOTA 8', 'EFECTIVO', 120.00, 1, '2026-03-06 00:00:00', 62, 'COBRO', NULL),
(614, 'ENTRADA', 'COBRO PRESTAMO MIGRACION #62 - CUOTA 9', 'EFECTIVO', 120.00, 1, '2026-03-07 00:00:00', 62, 'COBRO', NULL),
(615, 'ENTRADA', 'COBRO PRESTAMO MIGRACION #62 - CUOTA 10', 'EFECTIVO', 120.00, 1, '2026-03-09 00:00:00', 62, 'COBRO', NULL),
(616, 'ENTRADA', 'COBRO PRESTAMO MIGRACION #62 - CUOTA 11', 'EFECTIVO', 120.00, 1, '2026-03-10 00:00:00', 62, 'COBRO', NULL),
(617, 'SALIDA', 'PRESTAMO MIGRACION #63', 'BANCO', 5000.00, 1, '2026-04-17 06:54:28', 63, 'PRESTAMO', NULL),
(618, 'ENTRADA', 'COBRO PRESTAMO MIGRACION #63 - CUOTA 1', 'EFECTIVO', 300.00, 1, '2026-03-06 00:00:00', 63, 'COBRO', NULL),
(619, 'ENTRADA', 'COBRO PRESTAMO MIGRACION #63 - CUOTA 2', 'EFECTIVO', 300.00, 1, '2026-03-07 00:00:00', 63, 'COBRO', NULL),
(620, 'ENTRADA', 'COBRO PRESTAMO MIGRACION #63 - CUOTA 3', 'EFECTIVO', 300.00, 1, '2026-03-09 00:00:00', 63, 'COBRO', NULL),
(621, 'ENTRADA', 'COBRO PRESTAMO MIGRACION #63 - CUOTA 4', 'EFECTIVO', 300.00, 1, '2026-03-10 00:00:00', 63, 'COBRO', NULL),
(622, 'SALIDA', 'PRESTAMO MIGRACION #64', 'BANCO', 5000.00, 1, '2026-04-17 06:55:32', 64, 'PRESTAMO', NULL),
(623, 'ENTRADA', 'COBRO PRESTAMO MIGRACION #64 - CUOTA 1', 'EFECTIVO', 300.00, 1, '2026-04-15 00:00:00', 64, 'COBRO', NULL),
(624, 'ENTRADA', 'COBRO PRESTAMO MIGRACION #64 - CUOTA 2', 'EFECTIVO', 300.00, 1, '2026-04-16 00:00:00', 64, 'COBRO', NULL),
(625, 'SALIDA', 'PRESTAMO MIGRACION #65', 'BANCO', 4000.00, 1, '2026-04-17 06:55:51', 65, 'PRESTAMO', NULL),
(626, 'ENTRADA', 'COBRO PRESTAMO MIGRACION #65 - CUOTA 1', 'EFECTIVO', 240.00, 1, '2026-04-13 00:00:00', 65, 'COBRO', NULL),
(627, 'ENTRADA', 'COBRO PRESTAMO MIGRACION #65 - CUOTA 2', 'EFECTIVO', 240.00, 1, '2026-04-14 00:00:00', 65, 'COBRO', NULL),
(628, 'ENTRADA', 'COBRO PRESTAMO MIGRACION #65 - CUOTA 3', 'EFECTIVO', 240.00, 1, '2026-04-15 00:00:00', 65, 'COBRO', NULL),
(629, 'ENTRADA', 'COBRO PRESTAMO MIGRACION #65 - CUOTA 4', 'EFECTIVO', 240.00, 1, '2026-04-16 00:00:00', 65, 'COBRO', NULL),
(630, 'SALIDA', 'PRESTAMO MIGRACION #66', 'BANCO', 4000.00, 1, '2026-04-17 06:56:27', 66, 'PRESTAMO', NULL),
(631, 'ENTRADA', 'COBRO PRESTAMO MIGRACION #66 - CUOTA 1', 'EFECTIVO', 240.00, 1, '2026-04-09 00:00:00', 66, 'COBRO', NULL),
(632, 'ENTRADA', 'COBRO PRESTAMO MIGRACION #66 - CUOTA 2', 'EFECTIVO', 240.00, 1, '2026-04-10 00:00:00', 66, 'COBRO', NULL),
(633, 'ENTRADA', 'COBRO PRESTAMO MIGRACION #66 - CUOTA 3', 'EFECTIVO', 210.00, 1, '2026-04-11 00:00:00', 66, 'COBRO', NULL),
(634, 'ENTRADA', 'COBRO PRESTAMO MIGRACION #66 - CUOTA 4', 'EFECTIVO', 240.00, 1, '2026-04-13 00:00:00', 66, 'COBRO', NULL),
(635, 'ENTRADA', 'COBRO PRESTAMO MIGRACION #66 - CUOTA 5', 'EFECTIVO', 180.00, 1, '2026-04-14 00:00:00', 66, 'COBRO', NULL),
(636, 'ENTRADA', 'COBRO PRESTAMO MIGRACION #66 - CUOTA 6', 'EFECTIVO', 140.00, 1, '2026-04-15 00:00:00', 66, 'COBRO', NULL),
(637, 'SALIDA', 'PRESTAMO MIGRACION #67', 'BANCO', 2500.00, 1, '2026-04-17 06:56:56', 67, 'PRESTAMO', NULL),
(638, 'ENTRADA', 'COBRO PRESTAMO MIGRACION #67 - CUOTA 1', 'EFECTIVO', 150.00, 1, '2026-04-02 00:00:00', 67, 'COBRO', NULL),
(639, 'ENTRADA', 'COBRO PRESTAMO MIGRACION #67 - CUOTA 2', 'EFECTIVO', 150.00, 1, '2026-04-06 00:00:00', 67, 'COBRO', NULL),
(640, 'ENTRADA', 'COBRO PRESTAMO MIGRACION #67 - CUOTA 3', 'EFECTIVO', 500.00, 1, '2026-04-11 00:00:00', 67, 'COBRO', NULL),
(641, 'ENTRADA', 'COBRO PRESTAMO MIGRACION #67 - CUOTA 4', 'EFECTIVO', 150.00, 1, '2026-04-13 00:00:00', 67, 'COBRO', NULL),
(642, 'SALIDA', 'PRESTAMO MIGRACION #68', 'BANCO', 1000.00, 1, '2026-04-17 06:57:25', 68, 'PRESTAMO', NULL),
(643, 'ENTRADA', 'COBRO PRESTAMO MIGRACION #68 - CUOTA 1', 'EFECTIVO', 300.00, 1, '2026-04-01 00:00:00', 68, 'COBRO', NULL),
(644, 'ENTRADA', 'COBRO PRESTAMO MIGRACION #68 - CUOTA 2', 'EFECTIVO', 60.00, 1, '2026-04-07 00:00:00', 68, 'COBRO', NULL),
(645, 'ENTRADA', 'COBRO PRESTAMO MIGRACION #68 - CUOTA 3', 'EFECTIVO', 300.00, 1, '2026-04-10 00:00:00', 68, 'COBRO', NULL),
(646, 'ENTRADA', 'COBRO PRESTAMO MIGRACION #68 - CUOTA 4', 'EFECTIVO', 60.00, 1, '2026-04-15 00:00:00', 68, 'COBRO', NULL),
(647, 'SALIDA', 'PRESTAMO MIGRACION #69', 'BANCO', 1500.00, 1, '2026-04-17 06:58:02', 69, 'PRESTAMO', NULL),
(648, 'SALIDA', 'PRESTAMO MIGRACION #70', 'BANCO', 1500.00, 1, '2026-04-17 06:58:34', 70, 'PRESTAMO', NULL),
(649, 'SALIDA', 'PRESTAMO MIGRACION #71', 'BANCO', 3000.00, 1, '2026-04-17 06:59:11', 71, 'PRESTAMO', NULL),
(650, 'ENTRADA', 'COBRO PRESTAMO MIGRACION #71 - CUOTA 1', 'EFECTIVO', 360.00, 1, '2026-04-07 00:00:00', 71, 'COBRO', NULL),
(651, 'ENTRADA', 'COBRO PRESTAMO MIGRACION #71 - CUOTA 2', 'EFECTIVO', 180.00, 1, '2026-04-10 00:00:00', 71, 'COBRO', NULL),
(652, 'ENTRADA', 'COBRO PRESTAMO MIGRACION #71 - CUOTA 3', 'EFECTIVO', 180.00, 1, '2026-04-13 00:00:00', 71, 'COBRO', NULL),
(653, 'ENTRADA', 'COBRO PRESTAMO MIGRACION #71 - CUOTA 4', 'EFECTIVO', 140.00, 1, '2026-04-15 00:00:00', 71, 'COBRO', NULL),
(654, 'SALIDA', 'PRESTAMO MIGRACION #72', 'BANCO', 6000.00, 1, '2026-04-17 07:00:39', 72, 'PRESTAMO', NULL),
(655, 'ENTRADA', 'COBRO PRESTAMO MIGRACION #72 - CUOTA 1', 'EFECTIVO', 360.00, 1, '2026-03-17 00:00:00', 72, 'COBRO', NULL),
(656, 'ENTRADA', 'COBRO PRESTAMO MIGRACION #72 - CUOTA 2', 'EFECTIVO', 360.00, 1, '2026-03-19 00:00:00', 72, 'COBRO', NULL),
(657, 'ENTRADA', 'COBRO PRESTAMO MIGRACION #72 - CUOTA 3', 'EFECTIVO', 360.00, 1, '2026-03-20 00:00:00', 72, 'COBRO', NULL),
(658, 'ENTRADA', 'COBRO PRESTAMO MIGRACION #72 - CUOTA 4', 'EFECTIVO', 360.00, 1, '2026-03-21 00:00:00', 72, 'COBRO', NULL),
(659, 'ENTRADA', 'COBRO PRESTAMO MIGRACION #72 - CUOTA 5', 'EFECTIVO', 360.00, 1, '2026-03-23 00:00:00', 72, 'COBRO', NULL),
(660, 'ENTRADA', 'COBRO PRESTAMO MIGRACION #72 - CUOTA 6', 'EFECTIVO', 360.00, 1, '2026-03-24 00:00:00', 72, 'COBRO', NULL),
(661, 'ENTRADA', 'COBRO PRESTAMO MIGRACION #72 - CUOTA 7', 'EFECTIVO', 420.00, 1, '2026-03-27 00:00:00', 72, 'COBRO', NULL),
(662, 'ENTRADA', 'COBRO PRESTAMO MIGRACION #72 - CUOTA 8', 'EFECTIVO', 360.00, 1, '2026-03-28 00:00:00', 72, 'COBRO', NULL),
(663, 'ENTRADA', 'COBRO PRESTAMO MIGRACION #72 - CUOTA 9', 'EFECTIVO', 360.00, 1, '2026-03-29 00:00:00', 72, 'COBRO', NULL),
(664, 'ENTRADA', 'COBRO PRESTAMO MIGRACION #72 - CUOTA 10', 'EFECTIVO', 1080.00, 1, '2026-04-02 00:00:00', 72, 'COBRO', NULL),
(665, 'ENTRADA', 'COBRO PRESTAMO MIGRACION #72 - CUOTA 11', 'EFECTIVO', 360.00, 1, '2026-04-06 00:00:00', 72, 'COBRO', NULL),
(666, 'ENTRADA', 'COBRO PRESTAMO MIGRACION #72 - CUOTA 12', 'EFECTIVO', 250.00, 1, '2026-04-07 00:00:00', 72, 'COBRO', NULL),
(667, 'ENTRADA', 'COBRO PRESTAMO MIGRACION #72 - CUOTA 13', 'EFECTIVO', 380.00, 1, '2026-04-08 00:00:00', 72, 'COBRO', NULL),
(668, 'ENTRADA', 'COBRO PRESTAMO MIGRACION #72 - CUOTA 14', 'EFECTIVO', 360.00, 1, '2026-04-10 00:00:00', 72, 'COBRO', NULL),
(669, 'ENTRADA', 'COBRO PRESTAMO MIGRACION #72 - CUOTA 15', 'EFECTIVO', 360.00, 1, '2026-04-13 00:00:00', 72, 'COBRO', NULL),
(670, 'ENTRADA', 'COBRO PRESTAMO MIGRACION #72 - CUOTA 16', 'EFECTIVO', 360.00, 1, '2026-04-15 00:00:00', 72, 'COBRO', NULL),
(671, 'SALIDA', 'PRESTAMO MIGRACION #73', 'BANCO', 1500.00, 1, '2026-04-17 07:02:38', 73, 'PRESTAMO', NULL),
(672, 'ENTRADA', 'COBRO PRESTAMO MIGRACION #73 - CUOTA 1', 'EFECTIVO', 90.00, 1, '2026-03-02 00:00:00', 73, 'COBRO', NULL),
(673, 'ENTRADA', 'COBRO PRESTAMO MIGRACION #73 - CUOTA 2', 'EFECTIVO', 90.00, 1, '2026-03-03 00:00:00', 73, 'COBRO', NULL),
(674, 'ENTRADA', 'COBRO PRESTAMO MIGRACION #73 - CUOTA 3', 'EFECTIVO', 100.00, 1, '2026-03-04 00:00:00', 73, 'COBRO', NULL),
(675, 'ENTRADA', 'COBRO PRESTAMO MIGRACION #73 - CUOTA 4', 'EFECTIVO', 80.00, 1, '2026-03-04 00:00:00', 73, 'COBRO', NULL),
(676, 'ENTRADA', 'COBRO PRESTAMO MIGRACION #73 - CUOTA 5', 'EFECTIVO', 90.00, 1, '2026-03-06 00:00:00', 73, 'COBRO', NULL),
(677, 'ENTRADA', 'COBRO PRESTAMO MIGRACION #73 - CUOTA 6', 'EFECTIVO', 90.00, 1, '2026-03-07 00:00:00', 73, 'COBRO', NULL),
(678, 'ENTRADA', 'COBRO PRESTAMO MIGRACION #73 - CUOTA 7', 'EFECTIVO', 90.00, 1, '2026-03-09 00:00:00', 73, 'COBRO', NULL),
(679, 'ENTRADA', 'COBRO PRESTAMO MIGRACION #73 - CUOTA 8', 'EFECTIVO', 180.00, 1, '2026-03-11 00:00:00', 73, 'COBRO', NULL),
(680, 'ENTRADA', 'COBRO PRESTAMO MIGRACION #73 - CUOTA 9', 'EFECTIVO', 90.00, 1, '2026-03-12 00:00:00', 73, 'COBRO', NULL),
(681, 'ENTRADA', 'COBRO PRESTAMO MIGRACION #73 - CUOTA 10', 'EFECTIVO', 90.00, 1, '2026-03-13 00:00:00', 73, 'COBRO', NULL),
(682, 'ENTRADA', 'COBRO PRESTAMO MIGRACION #73 - CUOTA 11', 'EFECTIVO', 90.00, 1, '2026-03-14 00:00:00', 73, 'COBRO', NULL),
(683, 'ENTRADA', 'COBRO PRESTAMO MIGRACION #73 - CUOTA 12', 'EFECTIVO', 90.00, 1, '2026-03-16 00:00:00', 73, 'COBRO', NULL),
(684, 'ENTRADA', 'COBRO PRESTAMO MIGRACION #73 - CUOTA 13', 'EFECTIVO', 400.00, 1, '2026-04-08 00:00:00', 73, 'COBRO', NULL),
(685, 'SALIDA', 'PRESTAMO MIGRACION #74', 'BANCO', 5000.00, 1, '2026-04-17 07:03:10', 74, 'PRESTAMO', NULL),
(686, 'ENTRADA', 'COBRO PRESTAMO MIGRACION #74 - CUOTA 1', 'EFECTIVO', 300.00, 1, '2026-04-07 00:00:00', 74, 'COBRO', NULL),
(687, 'ENTRADA', 'COBRO PRESTAMO MIGRACION #74 - CUOTA 2', 'EFECTIVO', 300.00, 1, '2026-04-08 00:00:00', 74, 'COBRO', NULL),
(688, 'ENTRADA', 'COBRO PRESTAMO MIGRACION #74 - CUOTA 3', 'EFECTIVO', 300.00, 1, '2026-04-09 00:00:00', 74, 'COBRO', NULL),
(689, 'ENTRADA', 'COBRO PRESTAMO MIGRACION #74 - CUOTA 4', 'EFECTIVO', 300.00, 1, '2026-04-10 00:00:00', 74, 'COBRO', NULL),
(690, 'ENTRADA', 'COBRO PRESTAMO MIGRACION #74 - CUOTA 5', 'EFECTIVO', 300.00, 1, '2026-04-11 00:00:00', 74, 'COBRO', NULL),
(691, 'ENTRADA', 'COBRO PRESTAMO MIGRACION #74 - CUOTA 6', 'EFECTIVO', 300.00, 1, '2026-04-13 00:00:00', 74, 'COBRO', NULL),
(692, 'ENTRADA', 'COBRO PRESTAMO MIGRACION #74 - CUOTA 7', 'EFECTIVO', 300.00, 1, '2026-04-14 00:00:00', 74, 'COBRO', NULL),
(693, 'ENTRADA', 'COBRO PRESTAMO MIGRACION #74 - CUOTA 8', 'EFECTIVO', 300.00, 1, '2026-04-15 00:00:00', 74, 'COBRO', NULL),
(694, 'SALIDA', 'PRESTAMO MIGRACION #75', 'BANCO', 1000.00, 1, '2026-04-17 07:03:35', 75, 'PRESTAMO', NULL),
(695, 'ENTRADA', 'COBRO PRESTAMO MIGRACION #75 - CUOTA 1', 'EFECTIVO', 120.00, 1, '2026-04-15 00:00:00', 75, 'COBRO', NULL),
(696, 'SALIDA', 'PRESTAMO MIGRACION #76', 'BANCO', 5000.00, 1, '2026-04-17 07:05:13', 76, 'PRESTAMO', NULL),
(697, 'ENTRADA', 'COBRO PRESTAMO MIGRACION #76 - CUOTA 1', 'EFECTIVO', 300.00, 1, '2026-03-29 00:00:00', 76, 'COBRO', NULL),
(698, 'ENTRADA', 'COBRO PRESTAMO MIGRACION #76 - CUOTA 2', 'EFECTIVO', 300.00, 1, '2026-03-30 00:00:00', 76, 'COBRO', NULL),
(699, 'ENTRADA', 'COBRO PRESTAMO MIGRACION #76 - CUOTA 3', 'EFECTIVO', 300.00, 1, '2026-03-31 00:00:00', 76, 'COBRO', NULL),
(700, 'ENTRADA', 'COBRO PRESTAMO MIGRACION #76 - CUOTA 4', 'EFECTIVO', 300.00, 1, '2026-04-01 00:00:00', 76, 'COBRO', NULL),
(701, 'ENTRADA', 'COBRO PRESTAMO MIGRACION #76 - CUOTA 5', 'EFECTIVO', 300.00, 1, '2026-04-02 00:00:00', 76, 'COBRO', NULL),
(702, 'ENTRADA', 'COBRO PRESTAMO MIGRACION #76 - CUOTA 6', 'EFECTIVO', 300.00, 1, '2026-04-06 00:00:00', 76, 'COBRO', NULL),
(703, 'ENTRADA', 'COBRO PRESTAMO MIGRACION #76 - CUOTA 7', 'EFECTIVO', 300.00, 1, '2026-04-07 00:00:00', 76, 'COBRO', NULL),
(704, 'ENTRADA', 'COBRO PRESTAMO MIGRACION #76 - CUOTA 8', 'EFECTIVO', 300.00, 1, '2026-04-08 00:00:00', 76, 'COBRO', NULL),
(705, 'ENTRADA', 'COBRO PRESTAMO MIGRACION #76 - CUOTA 9', 'EFECTIVO', 300.00, 1, '2026-04-09 00:00:00', 76, 'COBRO', NULL),
(706, 'ENTRADA', 'COBRO PRESTAMO MIGRACION #76 - CUOTA 10', 'EFECTIVO', 300.00, 1, '2026-04-10 00:00:00', 76, 'COBRO', NULL),
(707, 'ENTRADA', 'COBRO PRESTAMO MIGRACION #76 - CUOTA 11', 'EFECTIVO', 300.00, 1, '2026-04-11 00:00:00', 76, 'COBRO', NULL),
(708, 'ENTRADA', 'COBRO PRESTAMO MIGRACION #76 - CUOTA 12', 'EFECTIVO', 300.00, 1, '2026-04-13 00:00:00', 76, 'COBRO', NULL),
(709, 'ENTRADA', 'COBRO PRESTAMO MIGRACION #76 - CUOTA 13', 'EFECTIVO', 300.00, 1, '2026-04-14 00:00:00', 76, 'COBRO', NULL),
(710, 'SALIDA', 'PRESTAMO MIGRACION #77', 'BANCO', 3000.00, 1, '2026-04-17 07:05:54', 77, 'PRESTAMO', NULL),
(711, 'ENTRADA', 'COBRO PRESTAMO MIGRACION #77 - CUOTA 1', 'EFECTIVO', 180.00, 1, '2026-04-06 00:00:00', 77, 'COBRO', NULL),
(712, 'ENTRADA', 'COBRO PRESTAMO MIGRACION #77 - CUOTA 2', 'EFECTIVO', 180.00, 1, '2026-04-07 00:00:00', 77, 'COBRO', NULL),
(713, 'ENTRADA', 'COBRO PRESTAMO MIGRACION #77 - CUOTA 3', 'EFECTIVO', 180.00, 1, '2026-04-08 00:00:00', 77, 'COBRO', NULL),
(714, 'ENTRADA', 'COBRO PRESTAMO MIGRACION #77 - CUOTA 4', 'EFECTIVO', 180.00, 1, '2026-04-09 00:00:00', 77, 'COBRO', NULL),
(715, 'ENTRADA', 'COBRO PRESTAMO MIGRACION #77 - CUOTA 5', 'EFECTIVO', 180.00, 1, '2026-04-13 00:00:00', 77, 'COBRO', NULL),
(716, 'ENTRADA', 'COBRO PRESTAMO MIGRACION #77 - CUOTA 6', 'EFECTIVO', 180.00, 1, '2026-04-14 00:00:00', 77, 'COBRO', NULL),
(717, 'SALIDA', 'PRESTAMO MIGRACION #78', 'BANCO', 2000.00, 1, '2026-04-17 07:06:21', 78, 'PRESTAMO', NULL),
(718, 'ENTRADA', 'COBRO PRESTAMO MIGRACION #78 - CUOTA 1', 'EFECTIVO', 120.00, 1, '2026-04-16 00:00:00', 78, 'COBRO', NULL),
(719, 'SALIDA', 'PRESTAMO MIGRACION #79', 'BANCO', 1500.00, 1, '2026-04-17 07:06:47', 79, 'PRESTAMO', NULL),
(720, 'ENTRADA', 'COBRO PRESTAMO MIGRACION #79 - CUOTA 1', 'EFECTIVO', 100.00, 1, '2026-04-16 00:00:00', 79, 'COBRO', NULL),
(721, 'SALIDA', 'PRESTAMO MIGRACION #80', 'BANCO', 10000.00, 1, '2026-04-17 07:07:12', 80, 'PRESTAMO', NULL),
(722, 'ENTRADA', 'COBRO PRESTAMO MIGRACION #80 - CUOTA 1', 'EFECTIVO', 600.00, 1, '2026-04-16 00:00:00', 80, 'COBRO', NULL),
(723, 'SALIDA', 'PRESTAMO MIGRACION #81', 'BANCO', 6000.00, 1, '2026-04-17 07:07:29', 81, 'PRESTAMO', NULL),
(724, 'SALIDA', 'PRESTAMO MIGRACION #82', 'BANCO', 3500.00, 1, '2026-04-17 07:07:48', 82, 'PRESTAMO', NULL),
(725, 'SALIDA', 'PRESTAMO MIGRACION #83', 'BANCO', 1000.00, 1, '2026-04-17 07:08:07', 83, 'PRESTAMO', NULL),
(726, 'SALIDA', 'PRESTAMO MIGRACION #84', 'BANCO', 3000.00, 1, '2026-04-17 07:08:26', 84, 'PRESTAMO', NULL),
(727, 'ENTRADA', 'COBRO PRESTAMO MIGRACION #84 - CUOTA 1', 'EFECTIVO', 180.00, 1, '2026-04-16 00:00:00', 84, 'COBRO', NULL),
(728, 'SALIDA', 'PRESTAMO MIGRACION #85', 'BANCO', 3000.00, 1, '2026-04-17 07:08:56', 85, 'PRESTAMO', NULL),
(729, 'ENTRADA', 'COBRO PRESTAMO MIGRACION #85 - CUOTA 1', 'EFECTIVO', 180.00, 1, '2026-04-16 00:00:00', 85, 'COBRO', NULL),
(730, 'SALIDA', 'PRESTAMO MIGRACION #86', 'BANCO', 60000.00, 1, '2026-04-17 07:09:09', 86, 'PRESTAMO', NULL),
(731, 'SALIDA', 'PRESTAMO MIGRACION #87', 'BANCO', 3000.00, 1, '2026-04-17 07:09:27', 87, 'PRESTAMO', NULL),
(732, 'ENTRADA', 'COBRO PRESTAMO MIGRACION #87 - CUOTA 1', 'EFECTIVO', 180.00, 1, '2026-04-15 00:00:00', 87, 'COBRO', NULL),
(733, 'ENTRADA', 'COBRO PRESTAMO MIGRACION #87 - CUOTA 2', 'EFECTIVO', 180.00, 1, '2026-04-16 00:00:00', 87, 'COBRO', NULL),
(734, 'SALIDA', 'PRESTAMO MIGRACION #88', 'BANCO', 2000.00, 1, '2026-04-17 07:09:45', 88, 'PRESTAMO', NULL),
(735, 'ENTRADA', 'COBRO PRESTAMO MIGRACION #88 - CUOTA 1', 'EFECTIVO', 120.00, 1, '2026-04-15 00:00:00', 88, 'COBRO', NULL),
(736, 'ENTRADA', 'COBRO PRESTAMO MIGRACION #88 - CUOTA 2', 'EFECTIVO', 120.00, 1, '2026-04-16 00:00:00', 88, 'COBRO', NULL),
(737, 'ENTRADA', 'COBRO PRESTAMO #52', 'EFECTIVO', 300.00, 1, '0000-00-00 00:00:00', 52, 'COBRO', NULL),
(738, 'ENTRADA', 'COBRO PRESTAMO #87', 'EFECTIVO', 180.00, 1, '0000-00-00 00:00:00', 87, 'COBRO', NULL),
(739, 'ENTRADA', 'COBRO PRESTAMO #14', 'EFECTIVO', 60.00, 1, '0000-00-00 00:00:00', 14, 'COBRO', NULL),
(740, 'ENTRADA', 'COBRO PRESTAMO #16', 'EFECTIVO', 180.00, 1, '0000-00-00 00:00:00', 16, 'COBRO', NULL),
(741, 'ENTRADA', 'COBRO PRESTAMO #50', 'EFECTIVO', 240.00, 1, '0000-00-00 00:00:00', 50, 'COBRO', NULL),
(742, 'SALIDA', 'PRESTAMO MIGRACION #89', 'BANCO', 2000.00, 1, '2026-04-17 09:21:02', 89, 'PRESTAMO', NULL),
(743, 'ENTRADA', 'COBRO PRESTAMO #28', 'EFECTIVO', 90.00, 1, '0000-00-00 00:00:00', 28, 'COBRO', NULL),
(744, 'ENTRADA', 'COBRO PRESTAMO #65', 'EFECTIVO', 240.00, 1, '0000-00-00 00:00:00', 65, 'COBRO', NULL),
(745, 'ENTRADA', 'COBRO PRESTAMO #11', 'EFECTIVO', 90.00, 1, '0000-00-00 00:00:00', 11, 'COBRO', NULL),
(746, 'ENTRADA', 'COBRO PRESTAMO #40', 'EFECTIVO', 1780.00, 1, '0000-00-00 00:00:00', 40, 'COBRO', NULL),
(747, 'ENTRADA', 'COBRO PRESTAMO #32', 'EFECTIVO', 180.00, 1, '0000-00-00 00:00:00', 32, 'COBRO', NULL),
(748, 'ENTRADA', 'COBRO PRESTAMO #38', 'EFECTIVO', 180.00, 1, '0000-00-00 00:00:00', 38, 'COBRO', NULL),
(749, 'ENTRADA', 'COBRO PRESTAMO #55', 'EFECTIVO', 600.00, 1, '0000-00-00 00:00:00', 55, 'COBRO', NULL),
(750, 'ENTRADA', 'COBRO PRESTAMO #88', 'EFECTIVO', 120.00, 1, '0000-00-00 00:00:00', 88, 'COBRO', NULL),
(751, 'ENTRADA', 'COBRO PRESTAMO #39', 'EFECTIVO', 120.00, 1, '0000-00-00 00:00:00', 39, 'COBRO', NULL),
(752, 'ENTRADA', 'COBRO PRESTAMO #13', 'EFECTIVO', 200.00, 1, '0000-00-00 00:00:00', 13, 'COBRO', NULL),
(753, 'ENTRADA', 'COBRO PRESTAMO #79', 'EFECTIVO', 100.00, 1, '0000-00-00 00:00:00', 79, 'COBRO', NULL),
(754, 'ENTRADA', 'COBRO PRESTAMO #22', 'EFECTIVO', 120.00, 1, '0000-00-00 00:00:00', 22, 'COBRO', NULL),
(755, 'ENTRADA', 'COBRO PRESTAMO #48', 'EFECTIVO', 200.00, 1, '0000-00-00 00:00:00', 48, 'COBRO', NULL),
(756, 'ENTRADA', 'COBRO PRESTAMO #30', 'EFECTIVO', 1800.00, 1, '0000-00-00 00:00:00', 30, 'COBRO', NULL),
(757, 'ENTRADA', 'COBRO PRESTAMO #86', 'EFECTIVO', 2900.00, 1, '0000-00-00 00:00:00', 86, 'COBRO', NULL),
(758, 'ENTRADA', 'COBRO PRESTAMO #45', 'EFECTIVO', 1800.00, 1, '0000-00-00 00:00:00', 45, 'COBRO', NULL),
(759, 'ENTRADA', 'COBRO PRESTAMO #35', 'EFECTIVO', 600.00, 1, '0000-00-00 00:00:00', 35, 'COBRO', NULL),
(760, 'ENTRADA', 'COBRO PRESTAMO #19', 'EFECTIVO', 120.00, 1, '0000-00-00 00:00:00', 19, 'COBRO', NULL),
(761, 'ENTRADA', 'COBRO PRESTAMO #34', 'EFECTIVO', 90.00, 1, '0000-00-00 00:00:00', 34, 'COBRO', NULL),
(762, 'ENTRADA', 'COBRO PRESTAMO #53', 'EFECTIVO', 150.00, 1, '0000-00-00 00:00:00', 53, 'COBRO', NULL),
(763, 'ENTRADA', 'COBRO PRESTAMO #80', 'EFECTIVO', 600.00, 1, '0000-00-00 00:00:00', 80, 'COBRO', NULL),
(764, 'ENTRADA', 'COBRO PRESTAMO #46', 'EFECTIVO', 240.00, 1, '0000-00-00 00:00:00', 46, 'COBRO', NULL),
(765, 'ENTRADA', 'COBRO PRESTAMO #24', 'EFECTIVO', 300.00, 1, '0000-00-00 00:00:00', 24, 'COBRO', NULL),
(766, 'ENTRADA', 'COBRO PRESTAMO #23', 'EFECTIVO', 100.00, 1, '0000-00-00 00:00:00', 23, 'COBRO', NULL),
(767, 'ENTRADA', 'COBRO PRESTAMO #58', 'EFECTIVO', 720.00, 1, '0000-00-00 00:00:00', 58, 'COBRO', NULL),
(768, 'ENTRADA', 'COBRO PRESTAMO #43', 'EFECTIVO', 120.00, 1, '0000-00-00 00:00:00', 43, 'COBRO', NULL),
(769, 'ENTRADA', 'COBRO PRESTAMO #15', 'EFECTIVO', 300.00, 1, '0000-00-00 00:00:00', 15, 'COBRO', NULL),
(770, 'ENTRADA', 'COBRO PRESTAMO #44', 'EFECTIVO', 180.00, 1, '0000-00-00 00:00:00', 44, 'COBRO', NULL),
(771, 'ENTRADA', 'COBRO PRESTAMO #20', 'EFECTIVO', 180.00, 1, '0000-00-00 00:00:00', 20, 'COBRO', NULL),
(772, 'ENTRADA', 'COBRO PRESTAMO #84', 'EFECTIVO', 180.00, 1, '0000-00-00 00:00:00', 84, 'COBRO', NULL),
(773, 'ENTRADA', 'COBRO PRESTAMO #33', 'EFECTIVO', 120.00, 1, '0000-00-00 00:00:00', 33, 'COBRO', NULL),
(774, 'ENTRADA', 'COBRO PRESTAMO #21', 'EFECTIVO', 180.00, 1, '0000-00-00 00:00:00', 21, 'COBRO', NULL),
(775, 'ENTRADA', 'COBRO PRESTAMO #51', 'EFECTIVO', 120.00, 1, '0000-00-00 00:00:00', 51, 'COBRO', NULL),
(776, 'ENTRADA', 'COBRO PRESTAMO #78', 'EFECTIVO', 120.00, 1, '0000-00-00 00:00:00', 78, 'COBRO', NULL),
(777, 'ENTRADA', 'COBRO PRESTAMO #37', 'EFECTIVO', 180.00, 1, '0000-00-00 00:00:00', 37, 'COBRO', NULL),
(778, 'ENTRADA', 'COBRO PRESTAMO #64', 'EFECTIVO', 300.00, 1, '0000-00-00 00:00:00', 64, 'COBRO', NULL),
(779, 'ENTRADA', 'COBRO PRESTAMO #41', 'EFECTIVO', 180.00, 1, '0000-00-00 00:00:00', 41, 'COBRO', NULL),
(780, 'ENTRADA', 'COBRO PRESTAMO #82', 'EFECTIVO', 210.00, 1, '0000-00-00 00:00:00', 82, 'COBRO', NULL),
(781, 'ENTRADA', 'COBRO PRESTAMO #49', 'EFECTIVO', 120.00, 1, '0000-00-00 00:00:00', 49, 'COBRO', NULL),
(782, 'ENTRADA', 'COBRO PRESTAMO #27', 'EFECTIVO', 150.00, 1, '0000-00-00 00:00:00', 27, 'COBRO', NULL),
(783, 'ENTRADA', 'COBRO PRESTAMO #10', 'EFECTIVO', 500.00, 1, '0000-00-00 00:00:00', 10, 'COBRO', NULL),
(784, 'ENTRADA', 'COBRO PRESTAMO #36', 'EFECTIVO', 2600.00, 1, '0000-00-00 00:00:00', 36, 'COBRO', NULL),
(785, 'ENTRADA', 'COBRO PRESTAMO #31', 'EFECTIVO', 600.00, 1, '0000-00-00 00:00:00', 31, 'COBRO', NULL),
(786, 'ENTRADA', 'COBRO PRESTAMO #57', 'EFECTIVO', 300.00, 1, '0000-00-00 00:00:00', 57, 'COBRO', NULL),
(787, 'ENTRADA', 'COBRO PRESTAMO #17', 'EFECTIVO', 300.00, 1, '0000-00-00 00:00:00', 17, 'COBRO', NULL),
(788, 'ENTRADA', 'COBRO PRESTAMO #47', 'EFECTIVO', 300.00, 1, '0000-00-00 00:00:00', 47, 'COBRO', NULL),
(789, 'ENTRADA', 'COBRO PRESTAMO #56', 'EFECTIVO', 60.00, 1, '0000-00-00 00:00:00', 56, 'COBRO', NULL),
(790, 'ENTRADA', 'COBRO PRESTAMO #77', 'EFECTIVO', 180.00, 1, '0000-00-00 00:00:00', 77, 'COBRO', NULL),
(791, 'SALIDA', 'PRESTAMO MIGRACION #90', 'BANCO', 3000.00, 1, '2026-04-17 21:51:04', 90, 'PRESTAMO', NULL),
(792, 'SALIDA', 'PRESTAMO MIGRACION #91', 'BANCO', 2000.00, 1, '2026-04-17 21:51:28', 91, 'PRESTAMO', NULL),
(793, 'ENTRADA', 'COBRO PRESTAMO #68', 'EFECTIVO', 480.00, 1, '0000-00-00 00:00:00', 68, 'COBRO', NULL),
(794, 'ENTRADA', 'COBRO PRESTAMO #69', 'EFECTIVO', 1800.00, 1, '0000-00-00 00:00:00', 69, 'COBRO', NULL),
(795, 'ENTRADA', 'COBRO PRESTAMO #48', 'EFECTIVO', 200.00, 1, '0000-00-00 00:00:00', 48, 'COBRO', NULL),
(796, 'ENTRADA', 'COBRO PRESTAMO #81', 'EFECTIVO', 360.00, 1, '0000-00-00 00:00:00', 81, 'COBRO', NULL),
(797, 'ENTRADA', 'COBRO PRESTAMO #14', 'EFECTIVO', 60.00, 1, '0000-00-00 00:00:00', 14, 'COBRO', NULL),
(798, 'ENTRADA', 'COBRO PRESTAMO #87', 'EFECTIVO', 180.00, 1, '0000-00-00 00:00:00', 87, 'COBRO', NULL),
(799, 'ENTRADA', 'COBRO PRESTAMO #12', 'EFECTIVO', 90.00, 1, '0000-00-00 00:00:00', 12, 'COBRO', NULL),
(800, 'ENTRADA', 'COBRO PRESTAMO #39', 'EFECTIVO', 120.00, 1, '0000-00-00 00:00:00', 39, 'COBRO', NULL),
(801, 'ENTRADA', 'COBRO PRESTAMO #88', 'EFECTIVO', 120.00, 1, '0000-00-00 00:00:00', 88, 'COBRO', NULL),
(802, 'ENTRADA', 'COBRO PRESTAMO #79', 'EFECTIVO', 100.00, 1, '0000-00-00 00:00:00', 79, 'COBRO', NULL),
(803, 'ENTRADA', 'COBRO PRESTAMO #13', 'EFECTIVO', 200.00, 1, '0000-00-00 00:00:00', 13, 'COBRO', NULL),
(804, 'ENTRADA', 'COBRO PRESTAMO #42', 'EFECTIVO', 480.00, 1, '0000-00-00 00:00:00', 42, 'COBRO', NULL),
(805, 'ENTRADA', 'COBRO PRESTAMO #6', 'EFECTIVO', 120.00, 1, '0000-00-00 00:00:00', 6, 'COBRO', NULL),
(806, 'ENTRADA', 'COBRO PRESTAMO #83', 'EFECTIVO', 120.00, 1, '0000-00-00 00:00:00', 83, 'COBRO', NULL),
(807, 'ENTRADA', 'COBRO PRESTAMO #26', 'EFECTIVO', 180.00, 1, '0000-00-00 00:00:00', 26, 'COBRO', NULL),
(808, 'ENTRADA', 'COBRO PRESTAMO #77', 'EFECTIVO', 180.00, 1, '0000-00-00 00:00:00', 77, 'COBRO', NULL),
(809, 'ENTRADA', 'COBRO PRESTAMO #11', 'EFECTIVO', 90.00, 1, '0000-00-00 00:00:00', 11, 'COBRO', NULL),
(810, 'ENTRADA', 'COBRO PRESTAMO #32', 'EFECTIVO', 180.00, 1, '0000-00-00 00:00:00', 32, 'COBRO', NULL),
(811, 'ENTRADA', 'COBRO PRESTAMO #55', 'EFECTIVO', 300.00, 1, '0000-00-00 00:00:00', 55, 'COBRO', NULL),
(812, 'ENTRADA', 'COBRO PRESTAMO #38', 'EFECTIVO', 180.00, 1, '0000-00-00 00:00:00', 38, 'COBRO', NULL),
(813, 'ENTRADA', 'COBRO PRESTAMO #73', 'EFECTIVO', 230.00, 1, '0000-00-00 00:00:00', 73, 'COBRO', NULL),
(814, 'ENTRADA', 'COBRO PRESTAMO #33', 'EFECTIVO', 120.00, 1, '0000-00-00 00:00:00', 33, 'COBRO', NULL),
(815, 'ENTRADA', 'COBRO PRESTAMO #65', 'EFECTIVO', 240.00, 1, '0000-00-00 00:00:00', 65, 'COBRO', NULL),
(816, 'ENTRADA', 'COBRO PRESTAMO #72', 'EFECTIVO', 750.00, 1, '0000-00-00 00:00:00', 72, 'COBRO', NULL),
(817, 'ENTRADA', 'COBRO PRESTAMO #71', 'EFECTIVO', 1080.00, 1, '0000-00-00 00:00:00', 71, 'COBRO', NULL),
(818, 'ENTRADA', 'COBRO PRESTAMO #25', 'EFECTIVO', 300.00, 1, '0000-00-00 00:00:00', 25, 'COBRO', NULL),
(819, 'ENTRADA', 'COBRO PRESTAMO #46', 'EFECTIVO', 1180.00, 1, '0000-00-00 00:00:00', 46, 'COBRO', NULL),
(820, 'ENTRADA', 'COBRO PRESTAMO #45', 'EFECTIVO', 1800.00, 1, '0000-00-00 00:00:00', 45, 'COBRO', NULL),
(821, 'ENTRADA', 'COBRO PRESTAMO #30', 'EFECTIVO', 1800.00, 1, '0000-00-00 00:00:00', 30, 'COBRO', NULL),
(822, 'ENTRADA', 'COBRO PRESTAMO #86', 'EFECTIVO', 2900.00, 1, '0000-00-00 00:00:00', 86, 'COBRO', NULL);

-- --------------------------------------------------------

--
-- Estructura de tabla para la tabla `caja_apertura`
--

CREATE TABLE `caja_apertura` (
  `id_apertura` int(11) NOT NULL,
  `id_empleado` int(11) DEFAULT NULL,
  `fecha` date DEFAULT NULL,
  `monto_apertura` decimal(10,2) DEFAULT NULL,
  `estado` varchar(20) DEFAULT 'ABIERTA',
  `fecha_creacion` timestamp NOT NULL DEFAULT current_timestamp()
) ENGINE=InnoDB DEFAULT CHARSET=utf8mb4 COLLATE=utf8mb4_general_ci;

-- --------------------------------------------------------

--
-- Estructura de tabla para la tabla `caja_control`
--

CREATE TABLE `caja_control` (
  `id_caja` int(11) NOT NULL,
  `id_empleado` int(11) NOT NULL,
  `fecha` date NOT NULL,
  `monto_apertura` decimal(10,2) DEFAULT 0.00,
  `cobrado` decimal(10,2) DEFAULT 0.00,
  `monto_entregado` decimal(10,2) DEFAULT 0.00,
  `monto_banco` decimal(10,2) DEFAULT 0.00,
  `monto_efectivo` decimal(10,2) DEFAULT 0.00,
  `estado` varchar(20) DEFAULT 'ABIERTA',
  `fecha_creacion` timestamp NOT NULL DEFAULT current_timestamp()
) ENGINE=InnoDB DEFAULT CHARSET=utf8mb4 COLLATE=utf8mb4_general_ci;

-- --------------------------------------------------------

--
-- Estructura de tabla para la tabla `caja_corte`
--

CREATE TABLE `caja_corte` (
  `id_corte` int(11) NOT NULL,
  `id_apertura` int(11) DEFAULT NULL,
  `total_cobrado` decimal(10,2) DEFAULT NULL,
  `total_efectivo` decimal(10,2) DEFAULT NULL,
  `total_banco` decimal(10,2) DEFAULT NULL,
  `diferencia` decimal(10,2) DEFAULT NULL,
  `fecha` timestamp NOT NULL DEFAULT current_timestamp(),
  `id_empleado` int(11) NOT NULL DEFAULT 0,
  `cobrado` decimal(10,2) DEFAULT 0.00,
  `efectivo_llevado` decimal(10,2) DEFAULT 0.00,
  `banca_llevada` decimal(10,2) DEFAULT 0.00,
  `prestamos_dia` decimal(10,2) DEFAULT 0.00,
  `banca_actual` decimal(10,2) DEFAULT 0.00,
  `total_gastos` decimal(10,2) DEFAULT 0.00,
  `resultado` decimal(10,2) DEFAULT 0.00,
  `notas` text DEFAULT NULL,
  `creado_en` datetime DEFAULT current_timestamp()
) ENGINE=InnoDB DEFAULT CHARSET=utf8mb4 COLLATE=utf8mb4_general_ci;

--
-- Volcado de datos para la tabla `caja_corte`
--

INSERT INTO `caja_corte` (`id_corte`, `id_apertura`, `total_cobrado`, `total_efectivo`, `total_banco`, `diferencia`, `fecha`, `id_empleado`, `cobrado`, `efectivo_llevado`, `banca_llevada`, `prestamos_dia`, `banca_actual`, `total_gastos`, `resultado`, `notas`, `creado_en`) VALUES
(5, NULL, NULL, NULL, NULL, NULL, '2026-04-08 07:00:00', 14, 21850.00, 5000.00, 3630.00, 17000.00, 1630.00, 600.00, 11250.00, '', '2026-04-08 19:31:30'),
(6, NULL, NULL, NULL, NULL, NULL, '2026-04-08 07:00:00', 1, 21850.00, 5000.00, 3630.00, 17000.00, 1630.00, 0.00, 11850.00, '', '2026-04-08 20:09:22'),
(7, NULL, NULL, NULL, NULL, NULL, '2026-04-09 07:00:00', 1, 30790.00, 0.00, 1630.00, 10500.00, 11950.00, 0.00, 9970.00, '', '2026-04-09 22:23:35'),
(8, NULL, NULL, NULL, NULL, NULL, '2026-04-10 07:00:00', 1, 31030.00, 0.00, 11950.00, 12500.00, 18650.00, 0.00, 11830.00, '', '2026-04-10 19:41:53'),
(10, NULL, NULL, NULL, NULL, NULL, '2026-04-11 07:00:00', 1, 21930.00, 10000.00, 18650.00, 42000.00, 0.00, 0.00, 8580.00, '', '2026-04-11 15:55:50'),
(11, NULL, NULL, NULL, NULL, NULL, '2026-04-13 07:00:00', 1, 23740.00, 10000.00, 0.00, 3500.00, 11540.00, 320.00, 18380.00, '', '2026-04-14 06:10:40');

-- --------------------------------------------------------

--
-- Estructura de tabla para la tabla `caja_entrega`
--

CREATE TABLE `caja_entrega` (
  `id_entrega` int(11) NOT NULL,
  `id_empleado` int(11) NOT NULL,
  `fecha` date NOT NULL,
  `efectivo_nuevo` decimal(10,2) NOT NULL DEFAULT 0.00,
  `banca_nueva` decimal(10,2) NOT NULL DEFAULT 0.00,
  `creado_en` datetime DEFAULT current_timestamp()
) ENGINE=InnoDB DEFAULT CHARSET=utf8mb4 COLLATE=utf8mb4_general_ci;

--
-- Volcado de datos para la tabla `caja_entrega`
--

INSERT INTO `caja_entrega` (`id_entrega`, `id_empleado`, `fecha`, `efectivo_nuevo`, `banca_nueva`, `creado_en`) VALUES
(20, 14, '2026-04-08', 0.00, 0.00, '2026-04-08 20:02:21'),
(21, 1, '2026-04-09', 0.00, 1630.00, '2026-04-09 22:21:25'),
(22, 1, '2026-04-10', 0.00, 11950.00, '2026-04-09 22:23:52'),
(24, 1, '2026-04-11', 10000.00, 18650.00, '2026-04-11 15:55:13'),
(25, 1, '2026-04-13', 10000.00, 0.00, '2026-04-14 06:09:36'),
(26, 1, '2026-04-14', 0.00, 11540.00, '2026-04-14 06:15:27');

-- --------------------------------------------------------

--
-- Estructura de tabla para la tabla `caja_gastos`
--

CREATE TABLE `caja_gastos` (
  `id_gasto` int(11) NOT NULL,
  `id_empleado` int(11) NOT NULL,
  `fecha` date NOT NULL,
  `tipo_gasto` enum('GASOLINA','TIEMPO_AIRE','REPARACION_MOTO','ACCESORIO_MOTO','SERVICIO_MOTO','CONSUMO_GENERAL') NOT NULL,
  `monto` decimal(10,2) NOT NULL,
  `descripcion` varchar(200) DEFAULT NULL,
  `creado_en` datetime DEFAULT current_timestamp()
) ENGINE=InnoDB DEFAULT CHARSET=utf8mb4 COLLATE=utf8mb4_general_ci;

--
-- Volcado de datos para la tabla `caja_gastos`
--

INSERT INTO `caja_gastos` (`id_gasto`, `id_empleado`, `fecha`, `tipo_gasto`, `monto`, `descripcion`, `creado_en`) VALUES
(1, 1, '2026-04-13', 'GASOLINA', 320.00, 'Gasolina', '2026-04-14 06:09:46');

-- --------------------------------------------------------

--
-- Estructura de tabla para la tabla `clientes`
--

CREATE TABLE `clientes` (
  `id_cliente` int(11) NOT NULL,
  `curp_ine` varchar(25) DEFAULT NULL,
  `nombre` varchar(50) DEFAULT NULL,
  `apellido` varchar(50) DEFAULT NULL,
  `fecha_nacimiento` date DEFAULT NULL,
  `direccion` varchar(100) DEFAULT NULL,
  `numero_exterior` varchar(20) DEFAULT NULL,
  `colonia` varchar(50) DEFAULT NULL,
  `telefono` varchar(15) DEFAULT NULL,
  `autoriza_credito` enum('SI','NO') DEFAULT 'NO',
  `estatus` enum('ACTIVO','MAL_HISTORIAL','BLOQUEADO') DEFAULT 'ACTIVO',
  `id_asesor` int(11) NOT NULL,
  `id_usuario` int(11) NOT NULL,
  `fecha_registro` timestamp NOT NULL DEFAULT current_timestamp(),
  `negocio` varchar(150) DEFAULT NULL,
  `observaciones` text DEFAULT NULL,
  `numero_ext` varchar(10) DEFAULT NULL,
  `fecha_bloqueo` date DEFAULT NULL,
  `fecha_desbloqueo` date DEFAULT NULL,
  `dias_bloqueo` int(11) DEFAULT NULL,
  `motivo_bloqueo` text DEFAULT NULL,
  `score_crediticio` int(11) NOT NULL DEFAULT 100,
  `id_sucursal` int(11) DEFAULT NULL
) ENGINE=InnoDB DEFAULT CHARSET=utf8mb4 COLLATE=utf8mb4_general_ci;

--
-- Volcado de datos para la tabla `clientes`
--

INSERT INTO `clientes` (`id_cliente`, `curp_ine`, `nombre`, `apellido`, `fecha_nacimiento`, `direccion`, `numero_exterior`, `colonia`, `telefono`, `autoriza_credito`, `estatus`, `id_asesor`, `id_usuario`, `fecha_registro`, `negocio`, `observaciones`, `numero_ext`, `fecha_bloqueo`, `fecha_desbloqueo`, `dias_bloqueo`, `motivo_bloqueo`, `score_crediticio`, `id_sucursal`) VALUES
(2, '11111', 'Nereyda Guadalupe', 'Perez Perez', NULL, 'Miguel guerrero', '715', 'Nuevo Cajeme', '6442339095', 'SI', 'ACTIVO', 1, 1, '2025-11-01 06:00:00', 'Mini Super G', '', NULL, NULL, NULL, NULL, NULL, 108, NULL),
(5, 'Juan CarlosMendivil', 'Juan Carlos', 'Mendivil', '0000-00-00', 'Miguel Guerrero', '829', 'Nuevo Cajeme', '6441020466', 'SI', 'ACTIVO', 1, 1, '2025-11-01 06:00:00', 'Carnitas y Chicharrones Nuevo Cajeme', '', NULL, NULL, NULL, NULL, NULL, 122, NULL),
(6, '', 'Maria de Jesus', 'Gonzales Siqueiroz', '0000-00-00', 'Alfonzo Ezparza', '1514', 'Cajeme', '6441685652', 'SI', 'ACTIVO', 1, 1, '2025-10-31 07:00:00', 'Tacos Noe - Norte', '', NULL, NULL, NULL, NULL, NULL, 138, NULL),
(9, '', 'Reyna Guadalupe', 'Higuera Aldama', NULL, 'Alfonzo Esparza', '1430', 'Matias Mendez', '6442256222', 'SI', 'ACTIVO', 1, 1, '2025-11-01 06:00:00', 'Tortilleria Trini', '', NULL, NULL, NULL, NULL, NULL, 100, NULL),
(10, 'MEZG851203HSRDML09', 'Gilberto', 'Medina Zamora', '1985-12-03', 'Calle Guerrero', '2801', 'Fraccionamientos las Haciendas - Seccion Monjes', '6441284830', 'SI', 'ACTIVO', 1, 1, '2025-11-01 06:00:00', 'Abarrotes GyL -Tienda Alex NISSI', '', NULL, NULL, NULL, NULL, NULL, 102, NULL),
(11, '32165465465465465', 'Martin Rafael', 'Torres Solis', '0000-00-00', 'Sabila', '2402', 'Amanecer 1', '6441427231', 'SI', 'ACTIVO', 1, 1, '2025-11-01 06:00:00', 'Burritos', '', NULL, NULL, NULL, NULL, NULL, 142, NULL),
(12, '', 'Olga Marible', 'Zavala Zavala', NULL, 'Palmareca', '2816', 'Manlio Flavio Beltrones', '6442197322', 'SI', 'ACTIVO', 1, 1, '2025-11-01 06:00:00', 'Tortilleria Maribel - Abarrotes Miranda', '', NULL, NULL, NULL, NULL, NULL, 108, NULL),
(13, '', 'Rosa Amelia', 'Zalava Chavira', NULL, 'Palmareca', '2816', 'Manlio Flavio Beltrones', '6442390396', 'SI', 'ACTIVO', 1, 1, '2025-11-01 06:00:00', 'Tortilleria Maribel - Abarrotes Miranda', '', NULL, NULL, NULL, NULL, NULL, 104, NULL),
(14, '', 'Norma Alicia', 'Ureña', NULL, 'Aciron', '2837', 'Manlio Flavio Beltrones', '6441399490', 'SI', 'ACTIVO', 1, 1, '2025-11-01 06:00:00', 'Tamales Norma', '', NULL, NULL, NULL, NULL, NULL, 110, NULL),
(15, '', 'Ana Karen', 'Escalante Ureña', NULL, 'Aciron', '2851', 'Manlio Flavio Beltrones', '6442038342', 'SI', 'ACTIVO', 1, 1, '2025-11-01 06:00:00', 'Restaurante Moka-Cafe', '', NULL, NULL, NULL, NULL, NULL, 100, NULL),
(16, '', 'Francisco', 'Armenta Angulo', NULL, 'Etiopia', '1453', 'Alameda - Villa Bonita', '6444876918', 'SI', 'ACTIVO', 1, 1, '2025-11-01 06:00:00', 'Copias Xeroxs - 5 de Febrero e Hidalgo', '', NULL, NULL, NULL, NULL, NULL, 100, NULL),
(17, '10101010110', 'Claudia J.', 'Zavala Acuña', '0000-00-00', 'Veracruz', '542', 'Centro', '6441187975', 'SI', 'ACTIVO', 1, 1, '2025-11-01 06:00:00', 'Floreria el Resy de las Rosas', '', NULL, NULL, NULL, NULL, NULL, 146, NULL),
(18, '', 'Ricardo', 'Sainz Callejas', NULL, 'Ignacio Pesqueira', '168', 'Campestre', '6444301606', 'SI', 'ACTIVO', 1, 1, '2025-11-01 06:00:00', 'Floreria Axiflor', '', NULL, NULL, NULL, NULL, NULL, 100, NULL),
(19, '', 'Jesus Alejandrina', 'Portillo Arredondo', NULL, 'Valle de Bataconsica', '1728', 'Fraccionamiento San Anselmo', '6444080470', 'SI', 'ACTIVO', 1, 1, '2025-11-01 06:00:00', 'Tortilleria Alex', '', NULL, NULL, NULL, NULL, NULL, 104, NULL),
(20, '', 'Claudia Veronica', 'Quintana Vega', '0000-00-00', 'Ares', '1837', 'San Rafael', '6442552335', 'SI', 'ACTIVO', 1, 1, '2025-11-01 07:00:00', 'Tortilleria Alex', '6442582855', NULL, NULL, NULL, NULL, NULL, 138, NULL),
(21, '', 'Brenda Berenice', 'Vega Hernandez', NULL, 'Ares', '1857', 'San Rafel', '6441214279', 'SI', 'ACTIVO', 1, 1, '2025-11-01 06:00:00', 'Sushi - Lume', '', NULL, NULL, NULL, NULL, NULL, 114, NULL),
(22, '', 'Rosa Melia', 'Portillo Arredondo', NULL, 'Antonio Yocupicio', '131', 'Nueva Palmira', '6441530934', 'SI', 'ACTIVO', 1, 1, '2025-11-01 06:00:00', 'Tortilleria Alex', '', NULL, NULL, NULL, NULL, NULL, 106, NULL),
(23, '', 'Teresa de Jesus', 'Valdez Martinez', NULL, 'Valle Rico', '2028', 'Miravalle', '6442331924', 'SI', 'ACTIVO', 1, 1, '2025-11-01 06:00:00', 'Abarrotes Teresita', '', NULL, NULL, NULL, NULL, NULL, 130, NULL),
(24, '', 'Yeni Lorenia', 'Mellado Castro', NULL, 'Jacinto Lopez', '1325', 'Ampliacion Miravalle', '6442396388', 'SI', 'ACTIVO', 1, 1, '2025-11-01 06:00:00', 'Sushi House 300', '', NULL, NULL, NULL, NULL, NULL, 118, NULL),
(25, '', 'Celina', 'Leon Gil', NULL, 'Pistillo', '1424', 'Fraccionamiento Primavera', '6442032937', 'SI', 'ACTIVO', 5, 1, '2025-11-01 06:00:00', 'Boutique Celina', '', NULL, NULL, NULL, NULL, NULL, 100, NULL),
(26, '', 'Elsa Guadalupe', 'Felix Morales', NULL, 'Pistilo', '1523', 'Fraccionamiento Primavera', '6441246822', 'SI', 'ACTIVO', 1, 1, '2025-11-01 06:00:00', 'Tacos y Birria - Elsa', '', NULL, NULL, NULL, NULL, NULL, 118, NULL),
(27, '', 'Fatima', 'Rodriguez Jacubo', NULL, 'Valle del Algodon', '1511', 'Valle Dorado', '6441992996', 'SI', 'ACTIVO', 1, 1, '2025-11-01 06:00:00', 'Tacos y Birria - Elsa', '', NULL, NULL, NULL, NULL, NULL, 120, NULL),
(28, 'MRAYRG530916HSRRNYG607', 'Jose Rogelio', 'Martinez Ayala', '1953-09-16', 'Chihuahua', '3407', 'Fraccionamiento Reforma', '6441895484', 'SI', 'ACTIVO', 1, 1, '2025-11-01 06:00:00', 'Abarrotes Lupita', '', NULL, NULL, NULL, NULL, NULL, 128, NULL),
(29, '', 'Maria Guadalupe', 'Peña', NULL, 'Ponciano Arriaga', '133', 'Cortinas', '6441717021', 'SI', 'ACTIVO', 1, 1, '2025-11-01 06:00:00', 'Bazar Lupita', '', NULL, NULL, NULL, NULL, NULL, 116, NULL),
(30, 'AAVE620614MSRNRR08', 'Ernestina', 'Anaya Verduzco', '1962-06-14', 'Topacio', '5827', 'Fraccionamiento Mision San Rafael', '6442230757', 'SI', 'ACTIVO', 1, 1, '2025-11-01 06:00:00', 'Abarrotes Eve - California y 300', '', NULL, NULL, NULL, NULL, NULL, 112, NULL),
(31, '', 'Lucia Guadalupe', 'Millan Lopez', NULL, 'Jose Maria la Fragua', '120', 'Cortinas', '6441518445', 'SI', 'ACTIVO', 11, 1, '2025-11-01 06:00:00', 'Enfermera de Urgencias IMSS', '', NULL, NULL, NULL, NULL, NULL, 100, NULL),
(32, 'aaaa', 'Andrea', 'Millan Lopez', '0000-00-00', 'Jose Maria Lafragua', '120', 'Cortinas', '6441154915', 'SI', 'BLOQUEADO', 1, 1, '2025-11-01 06:00:00', 'Costuras de Uniformes', '', NULL, '2026-03-07', '2026-06-05', 90, 'BAJA', 100, NULL),
(33, 'SASL061231MSRNNSA7', 'Leslie Lizeth', 'Sanchez Sanchez', '2006-12-31', 'Raymundo Sarabia', '350', 'Luis Echeverria', '6444784789', 'SI', 'ACTIVO', 1, 1, '2025-11-01 06:00:00', 'Tortilleria Luis Echeverria', '', NULL, NULL, NULL, NULL, NULL, 122, NULL),
(34, 'JICG710404MCHMRD06', 'Maria Guadalupe', 'Jimenez Corral', '1971-04-04', 'raymundo sarabia', '350', 'Luis Echeverria', '6442170433', 'SI', 'ACTIVO', 1, 1, '2025-11-01 06:00:00', 'Tortilleria y Panaderia Luis Echeverria', '', NULL, NULL, NULL, NULL, NULL, 128, NULL),
(35, 'GAJR040707HSRRMDA2', 'Raudy Moises', 'Garcia Jimenez', '2004-07-07', 'Raymundo Sarabia', '350', 'Luis Echeverria', '6442531470', 'SI', 'ACTIVO', 1, 1, '2025-11-01 06:00:00', 'Tortilleria Luis Echeverria - Uber', '', NULL, NULL, NULL, NULL, NULL, 100, NULL),
(36, '', 'Daniela', 'Lizo Baynori', NULL, 'Patria', '806', 'Ezperanza Tznado', '6441425787', 'SI', 'ACTIVO', 1, 1, '2025-11-01 06:00:00', 'Burritos y Tortillas de Harina', '', NULL, NULL, NULL, NULL, NULL, 112, NULL),
(37, '', 'Oneyda', 'Baynori Hernandez', NULL, 'Patria', '806', 'Esperanza Tiznado', '6441151059', 'SI', 'ACTIVO', 1, 1, '2025-11-01 06:00:00', 'Cahuamanta Sube y Baja 2', '', NULL, NULL, NULL, NULL, NULL, 104, NULL),
(38, 'LIBA010406MSRZYMA6', 'America Azucena', 'Lizo Baynori', '2001-04-06', 'Patria', '806', 'Ezperanza Tiznado', '6442001238', 'SI', 'ACTIVO', 1, 1, '2025-11-01 06:00:00', 'Cahuamanta Sube y Baja 2', '', NULL, NULL, NULL, NULL, NULL, 100, NULL),
(39, 'AIRA741107HBCVYL02', 'Alfredo Acuña', 'Avina Reyes', '1974-11-07', 'La Venta', '2104', 'Las Villas Seccion las Espigas', '6444549929', 'SI', 'ACTIVO', 1, 1, '2025-11-01 06:00:00', 'Cahuamantha Sube y Baja 2', '', NULL, NULL, NULL, NULL, NULL, 100, NULL),
(40, 'SARM831218HSRLBR03', 'Marcos Joaquin', 'Salmeron Rabago', '1983-12-18', 'Pistilo', '1424', 'Fraccionamiento Primavera', '6442085542', 'SI', 'ACTIVO', 1, 1, '2025-11-01 06:00:00', 'Boutique Celina', '', NULL, NULL, NULL, NULL, NULL, 100, NULL),
(41, 'AAPM820107MCHLNR09', 'Miriam Guillermina', 'Alcala Ponce', '1982-01-07', '23 Regimiento', '1026', 'Pradera Bonita', '6442591008', 'SI', 'ACTIVO', 1, 1, '2025-11-01 06:00:00', 'Abarrotes 23 Regimiento', '', NULL, NULL, NULL, NULL, NULL, 100, NULL),
(42, 'MEGF030122HSRXNDA9', 'Fidel', 'Mexia Gonzalez', '2003-01-22', 'Calle Santa Margarita', '2621', 'Fraccionamiento Campanario', '6410000000', 'NO', 'ACTIVO', 5, 1, '2025-11-01 06:00:00', 'Sushi coahuila', '', NULL, NULL, NULL, NULL, NULL, 100, NULL),
(43, '', 'Maricela Guadalupe', 'Castro Rosas', NULL, 'Rancho Agua Blanca', '5517', 'Pradera Bonita', '6444009533', 'SI', 'ACTIVO', 1, 1, '2025-11-01 06:00:00', 'Abarrotes Rancho Alegre', '', NULL, NULL, NULL, NULL, NULL, 104, NULL),
(44, 'FEER020622HSRLNLA1', 'Jose Raul', 'Felix Enriquez', '2002-06-22', 'Rancho las Peñas', '5731', 'Pradera Bonita', '6442613502', 'SI', 'ACTIVO', 1, 1, '2025-11-01 06:00:00', 'Abarrotes y Tortilleria Rancho Peñas 5731', '', NULL, NULL, NULL, NULL, NULL, 100, NULL),
(45, '', 'Maria Elsa', 'Enriquez', NULL, 'Rancho las Peñas', '5731', 'Pradera Bonita', '6442613502', 'SI', 'ACTIVO', 1, 1, '2025-11-01 06:00:00', 'Abarrots y Tortilleria Rancho Peñas 5731', '', NULL, NULL, NULL, NULL, NULL, 124, NULL),
(46, '', 'Melissa', 'Lin Arce', NULL, 'Calle Anza', '925', 'Fraccionamiento Mission San Gabriel', '6442326589', 'SI', 'ACTIVO', 1, 1, '2025-11-01 06:00:00', 'Abarotes Melissa', '', NULL, NULL, NULL, NULL, NULL, 100, NULL),
(47, '', 'Virginia', 'Inzunza', NULL, 'Calle Hualahuices', '1912', 'Las Fuentes', '6444076228', 'SI', 'ACTIVO', 15, 1, '2025-11-01 06:00:00', 'Tortilleria Virginia', '', NULL, NULL, NULL, NULL, NULL, 100, NULL),
(48, 'VIPC901015MSRLLN04', 'Cinthya Lourdes', 'Villareal Polino', '1990-10-15', 'Hualahuises', '1921', 'Las Fuentes', '6441938500', 'SI', 'ACTIVO', 1, 1, '2025-11-01 06:00:00', 'Bazar Coahuila', '', NULL, NULL, NULL, NULL, NULL, 141, NULL),
(49, 'CAZR960524HSLRPM08', 'Jose Ramon', 'Carrillo Zepeda', '1996-05-24', 'Hualahuises', '1921', 'Las Fuentes', '6442089503', 'SI', 'ACTIVO', 1, 1, '2025-11-01 06:00:00', 'Plataforma Uber, didi', '', NULL, NULL, NULL, NULL, NULL, 100, NULL),
(50, '', 'Sergio Sahuedi', 'Rivera Prado', NULL, 'Tecuala', '2003', 'Las Fuentes', '6442288757', 'SI', 'ACTIVO', 1, 1, '2025-11-01 06:00:00', 'Mestro y Tecnico de Taller de Celulares', '', NULL, NULL, NULL, NULL, NULL, 102, NULL),
(51, '', 'Ileana', 'Ortega Beltran', NULL, 'Pascola', '1810', 'Posadas del Sol', '6441149290', 'SI', 'ACTIVO', 1, 1, '2025-11-01 06:00:00', 'Tortilleria Ileana', '', NULL, NULL, NULL, NULL, NULL, 100, NULL),
(52, 'ZAMR860316MSRYRS02', 'Rosa Elia', 'Zayas Murillo', '1986-03-31', 'Santa Matilde', '1822', 'Posadas del Sol', '6441984612', 'SI', 'ACTIVO', 15, 1, '2025-11-01 06:00:00', 'Tortilleria Ileana', '', NULL, NULL, NULL, NULL, NULL, 100, NULL),
(53, '', 'Zulema Josefina', 'de la Cruz Betancourt', NULL, 'Vicente Suarez', '441', 'Faustino Felix', '6444206688', 'SI', 'ACTIVO', 1, 1, '2025-11-01 06:00:00', 'NOVEDADES ZULEMA Moctezuma 732-C', '', NULL, NULL, NULL, NULL, NULL, 122, NULL),
(54, 'OUAM840302MSRSNR00', 'Martha Fabiola', 'Osuna Atuna', '1984-03-02', 'Rio San Ignacio', '837', 'Libertad', '6441274770', 'SI', 'ACTIVO', 1, 1, '2025-11-01 06:00:00', 'Abarrotes Martha', '', NULL, NULL, NULL, NULL, NULL, 136, NULL),
(55, 'CAFU971004HSRSRZ02', 'Uzziel Francisco', 'Casillas Fornes', '1997-10-04', 'Cerrada del Silencio', '6051', 'Fraccionamiento Nueva Palmira', '6441592838', 'SI', 'ACTIVO', 1, 1, '2025-11-01 06:00:00', 'Fruteria Verde Fresco', '', NULL, NULL, NULL, NULL, NULL, 114, NULL),
(56, 'CAFD011016HSRSRNA7', 'Daniel Alberto', 'Casillas Fornes', '2001-10-16', 'Cerrada del Silencio', '6051', 'Fraccionamiento Nueva Palmira', '6441945843', 'SI', 'ACTIVO', 1, 1, '2025-11-01 06:00:00', 'Fruteria Verde fresco', '', NULL, NULL, NULL, NULL, NULL, 118, NULL),
(57, 'PALJ951206MSRZPC05', 'Jocelin Anaid', 'De la Paz Lopez', '1995-12-06', 'Calle Marcelino Davalos', '651', 'Libertad', '6441361634', 'SI', 'ACTIVO', 1, 1, '2025-11-01 06:00:00', 'Salon Studio A6 - Belleza, Cosmetica y Cuidado Personal', '', NULL, NULL, NULL, NULL, NULL, 118, NULL),
(58, 'OIPJ970107HSRRCN08', 'Juan Jose', 'Ortiz Pacheco', '1997-01-07', 'Marcelino Davalos', '621', 'Libertad', '6644769676', 'SI', 'ACTIVO', 1, 1, '2025-11-01 06:00:00', 'Studio A6 - Uber', '', NULL, NULL, NULL, NULL, NULL, 110, NULL),
(59, 'BUGJ940407HSRSMN00', 'Juan Carlos', 'Bustillos Gomez', '1994-04-07', 'Medellin Oeste', '3637', 'Urbi Villa del Rey', '6442025080', 'SI', 'ACTIVO', 1, 1, '2025-11-01 06:00:00', 'Tortilleria 21 - Lomas Residencial', '', NULL, NULL, NULL, NULL, NULL, 128, NULL),
(60, '', 'Maria Luisa', 'Ibarra Ramos', NULL, 'Niños Heroes', '720', 'Comuripa', '6441171070', 'SI', 'ACTIVO', 1, 1, '2025-11-01 06:00:00', 'Tortilleria Jonger', '', NULL, NULL, NULL, NULL, NULL, 102, NULL),
(61, '', 'Edna', 'Amarillas Figueroa', NULL, 'Vicente Padilla', '503', 'Hogar y Patrimonio - Ezperanza', '6442551495', 'SI', 'ACTIVO', 1, 1, '2025-11-01 06:00:00', 'Tortilleria Jonger', '', NULL, NULL, NULL, NULL, NULL, 130, NULL),
(62, 'BATO911119MSRLRR06', 'Oralia Rosalia', 'Ballesteros Torres', '1991-11-19', 'Callde del Ajusco', '316', 'Fraccionamiento los Encinos', '6444555302', 'SI', 'ACTIVO', 1, 1, '2025-11-01 06:00:00', 'Tortilleria Jonger', '', NULL, NULL, NULL, NULL, NULL, 118, NULL),
(63, '', 'Monica', 'Mendoza Aguero', NULL, 'Carlos Amaya', '2918', 'Pioneros', '6441427916', 'SI', 'ACTIVO', 1, 1, '2025-11-01 06:00:00', 'Tortilleria Jonger', '', NULL, NULL, NULL, NULL, NULL, 100, NULL),
(64, '', 'Rosa Elena', 'Cruz Perez', NULL, 'Carlos Amaya', '2922', 'Pioneros', '6442505375', 'SI', 'ACTIVO', 1, 1, '2025-11-01 06:00:00', 'Tortilleria Jonger', '', NULL, NULL, NULL, NULL, NULL, 130, NULL),
(65, 'CUPI850815MCHRRR03', 'Maria Iracema', 'Cruz Perez', '1985-08-15', 'Carlos Amaya H.', '132', 'Pionerios', '6441737575', 'SI', 'ACTIVO', 1, 1, '2025-11-01 06:00:00', 'Tortilleria Jonger', '', NULL, NULL, NULL, NULL, NULL, 100, NULL),
(66, '', 'Randdy Alberto', 'Borboa Renteria', NULL, 'Coahuila', '2325', 'Campestre', '6441661959', 'SI', 'ACTIVO', 1, 1, '2025-11-01 06:00:00', 'Pinturas Michoacan', '', NULL, NULL, NULL, NULL, NULL, 108, NULL),
(67, 'REOM671222MSRYSR09', 'Maricela', 'Reyes Osuna', '1967-12-22', 'Calle de los Arrecifes', '3106', 'Residencial Casa Blanca', '6441621258', 'SI', 'ACTIVO', 1, 1, '2025-11-01 06:00:00', 'Estetica Maricela - Hotel Bugambilias', '', NULL, NULL, NULL, NULL, NULL, 142, NULL),
(68, '', 'Monica', 'Quiñonez Pineda', NULL, 'Calle Cauque', '1929', 'Infonavit Yokujimari', '6442300832', 'SI', 'ACTIVO', 1, 1, '2025-11-01 06:00:00', 'Abarrotes Kokys', '', NULL, NULL, NULL, NULL, NULL, 102, NULL),
(69, '1234567', 'Margarita', 'Durazo Fierros', '0000-00-00', 'Francisco Urbalejo', '645', 'Campestre', '6441903218', 'SI', 'ACTIVO', 1, 1, '2025-11-01 06:00:00', 'Tacos Dorados Michoacan', '', NULL, NULL, NULL, NULL, NULL, 124, NULL),
(74, 'GOVA710225MSRMLL03', 'Alma Lucia', 'Gomez Valdez', '1971-02-25', 'Medellin Oeste', '3617', 'Fraccionamiento Villas del Rey, Seccion Colonial', '6442033632', 'SI', 'ACTIVO', 1, 1, '2026-02-10 02:02:38', 'Purificadora AWA - 200 y Paris', '', NULL, NULL, NULL, NULL, NULL, 104, NULL),
(75, 'GOQC060115MSRNNLA4', 'Clara Maritza', 'Gonzalez Quintero', '2006-01-15', 'Febe', '5928', 'Fraccionamiento Mision San Rafael', '64425027971', 'SI', 'ACTIVO', 1, 1, '2026-01-29 06:00:00', 'Tortillería Luna', '', NULL, NULL, NULL, NULL, NULL, 126, NULL),
(76, 'BAXB631109MSRRXR09', 'Brenilda', 'Barraza', '1963-11-09', 'Josefina Viuda de Galvez', '1150', 'Municipio Libre', '6441340531', 'SI', 'ACTIVO', 1, 1, '2026-01-29 06:00:00', 'Tortilleria Luna', '', NULL, NULL, NULL, NULL, NULL, 126, NULL),
(77, 'QUAR741117MSRNLF00', 'Refugio Idalia', 'Quintero Álvarez', '1974-11-17', 'Febe', '5928', 'Fraccionamiento Mision san Rafael', '64425027971', 'SI', 'ACTIVO', 1, 1, '2026-01-29 06:00:00', 'Tortillería Luna', '', NULL, NULL, NULL, NULL, NULL, 116, NULL),
(78, '1010101', 'Virginia Olivia', 'Fornes Valdez', NULL, 'Cerrada del Silencio', '6051', 'Nueva Palmira', '6441592838', 'SI', 'ACTIVO', 1, 1, '2026-02-10 02:59:22', 'Venta de Joyeria', '', NULL, NULL, NULL, NULL, NULL, 118, NULL),
(79, 'RURS820422MSRZYL06', 'Selene', 'Ruiz Reyna', '1982-04-22', 'Adolfo de la Huerta', '417', 'Luis Echeverria', '6444985605', 'SI', 'ACTIVO', 1, 1, '2025-11-24 06:00:00', 'Abarrotes Pedro', '', NULL, NULL, NULL, NULL, NULL, 100, NULL),
(80, 'aaaaaaaaar', 'Ivan Eduardo', 'Bernal Flores', '0000-00-00', 'Francisco Márquez', '136', 'Cortinas', '6444610130', 'SI', 'ACTIVO', 1, 1, '2025-10-30 06:00:00', 'Hot Dogs - Chihuahua', '', NULL, NULL, NULL, NULL, NULL, 100, NULL),
(81, '101010101103', 'Victor Elias', 'de Leon Diaz', '0000-00-00', 'Rodeiro', '5642', 'Fraccionamiento Las Misiones', '64441933783', 'SI', 'ACTIVO', 1, 1, '2026-01-27 07:00:00', 'Birrieria el Chiapaneco', '', NULL, NULL, NULL, NULL, NULL, 118, NULL),
(82, '10101010110445', 'Guadalupe Isabel', 'Amaya Gutierres', NULL, 'Opalo', '1775', 'Valle Verde', '6441213395', 'SI', 'ACTIVO', 1, 1, '2026-02-10 03:25:45', 'Mini Super G', '', NULL, NULL, NULL, NULL, NULL, 126, NULL),
(83, 'QUGL900704MSRNRL18', 'Lilian Sarahi', 'Quintero Garcia', '1990-07-04', 'Juan Nepomuceno', '744', 'Fraccionamiento Puerta de Hierro', '6441027329', 'SI', 'ACTIVO', 1, 1, '2026-02-03 07:00:00', 'Purificadora Otancahui', '', NULL, NULL, NULL, NULL, NULL, 100, NULL),
(84, 'EAUT021223MSRSRHA0', 'Thania Milagros', 'Escalante Ureña', '2002-12-23', 'Lorenzo Barcelata', '2167', 'Cajeme', '6444795697', 'SI', 'ACTIVO', 1, 1, '2025-12-06 06:00:00', '', 'Acacia Rosada 2819, Col Beltrones', NULL, NULL, NULL, NULL, NULL, 124, NULL),
(85, 'MAEG870202MSRRNB05', 'Gabriela Yaneth', 'Martinez Encinas', '1987-02-02', 'Estambre', '1524', 'Fraccionamiento Primavera', '6444089101', 'SI', 'ACTIVO', 1, 1, '2026-02-11 06:00:00', 'Burritos y Dulces - Doña Mena', '', NULL, NULL, NULL, NULL, NULL, 102, NULL),
(86, 'GASJ961129HSRLVN06', 'Juan Leonardo', 'Galvan Saavedra', '1996-11-29', 'Allende', '1701', 'Fovisste 1', '6441070684', 'SI', 'ACTIVO', 1, 1, '2026-02-25 15:21:20', 'Hambuerguesas Leo\'s', '6441242824', NULL, NULL, NULL, NULL, NULL, 102, NULL),
(87, 'DPM710703MCHRNR00', 'Martha Olivia', 'Duarte Peinado', '1971-07-03', 'Centenario', '2004', 'Villas del Trigo', '6442001277', 'SI', 'ACTIVO', 1, 1, '2026-02-26 13:40:40', 'Tortillería Luna', '', NULL, NULL, NULL, NULL, NULL, 126, NULL),
(88, 'RORK900725MSRBDY06', 'Kytzia Yarenne', 'Robles Rodriguez', '1990-07-25', 'Valle del Cempoatl', '1334', 'Valle Dorado', '6441017718', 'SI', 'ACTIVO', 1, 1, '2026-02-28 00:13:37', 'Casa de los Pollos', 'Negocio por la Rio Candelaria #2405', NULL, NULL, NULL, NULL, NULL, 100, NULL),
(89, 'JUMA830831MSRRRL09', 'Alma Rosa', 'Juarez Moreno', '1983-08-31', 'Colima', '268', 'Centro', '6444914697', 'SI', 'ACTIVO', 1, 1, '2026-03-29 00:11:19', 'Asistentes Gerontológicos / Enfermera', 'Calle Jalisco y Pérez Ríos #762 Colonia Electricistas', NULL, NULL, NULL, NULL, NULL, 126, NULL),
(90, 'DOCC750221MSRMHL07', 'Claudia', 'Dominguez Chacon', '1975-02-21', 'Calle de los Tinicales', 'M25 L3', 'Fraccionamiento Ampliación El Rodeo', '6441942776', 'SI', 'ACTIVO', 1, 1, '2026-03-29 00:17:07', 'Venta de Tamales', 'Calle Morelos y California Tamales Nayores', NULL, NULL, NULL, NULL, NULL, 140, NULL),
(91, '123456987', 'Rosario', 'Martinez Franco', NULL, 'Valle del Yori', '1416', 'Valle Dorado', '6441283861', 'SI', 'ACTIVO', 1, 1, '2026-03-29 00:37:10', 'Ama de Casa', '', NULL, NULL, NULL, NULL, NULL, 128, NULL),
(92, 'SAVC660914MSRRLR04', 'Maria del Carmen', 'Sarabia Velazquez', '1966-09-14', 'Calle Horizonte', '1902', 'Fraccionamiento Villas del Campestre', '6442134539', 'SI', 'ACTIVO', 1, 1, '2026-04-01 02:30:25', 'Tortilleria de Harina', '', NULL, NULL, NULL, NULL, NULL, 114, NULL),
(93, '', 'Ana Cecilia', 'Flores cardenas', '0000-00-00', 'Aguascalientes', '311', 'Esperanza', '6441107152', 'SI', 'ACTIVO', 10, 11, '2025-10-10 07:00:00', '', '', NULL, NULL, NULL, NULL, NULL, 100, NULL),
(94, '', 'Miriam', 'Perez Castro', '0000-00-00', 'Calle Antonio Rosales', '2046', 'Cajeme', '6442015828', 'SI', 'ACTIVO', 17, 2, '2026-04-07 07:00:00', '', '', NULL, NULL, NULL, NULL, NULL, 100, NULL),
(95, 'VESV831230MSRRTR06', 'Viridiana Ivonne', 'Verdugo Soto', '1983-12-30', 'Real de Castilla', '3850', 'Urbi Villas del Rey', '6442321063', 'SI', 'ACTIVO', 1, 1, '2026-04-09 07:00:00', 'Tortillería Jonger', '', NULL, NULL, NULL, NULL, NULL, 102, NULL),
(96, 'EIHL781029MSRNRR02', 'Laura Irene', 'Enriquez Hernandez', '1978-10-29', 'Amatista', '1966', 'Valle Verde', '0000000000', 'SI', 'ACTIVO', 1, 1, '2026-04-11 02:31:29', 'Tortilleria Luna', '', NULL, NULL, NULL, NULL, NULL, 104, NULL),
(97, 'TUFJ970805MSRRGL04', 'Julissa Edith', 'Trujillo Figueroa', '1997-08-05', 'Cardenal', '7018', 'Ezperanza Tiznado', '622 155 5074', 'SI', 'ACTIVO', 1, 1, '2025-11-01 07:00:00', 'Rendi Chicas Michoacan', '', NULL, NULL, NULL, NULL, NULL, 110, NULL),
(98, 'asd', 'Mirna', 'Martinez', NULL, 'Ermita', 'S/N', 'Fraccionamiento Palma Real', '644 197 8135', 'SI', 'ACTIVO', 17, 1, '2026-04-11 13:21:30', 'Tacos Beto Primero de Mayo', '', NULL, NULL, NULL, NULL, NULL, 100, NULL),
(99, 'asdasfffff', 'Roman', 'Castro', NULL, 'Ermita', 'S/N', 'fraccionamiento villas del palmar', '644 197 8135', 'SI', 'ACTIVO', 17, 1, '2026-04-11 13:27:33', '', '', NULL, NULL, NULL, NULL, NULL, 100, NULL),
(100, 'VEGK811026MSRGVR00', 'Karina', 'Vega Guevara', '1981-10-26', 'Paseo Miravalle', '2217', 'Ampliacion Miravalle', '644 234 6166', 'SI', 'ACTIVO', 1, 1, '2026-04-12 14:30:59', 'Tamales Tapatios - Paseo Miravalle Tec56', '', NULL, NULL, NULL, NULL, NULL, 118, NULL),
(101, 'QUGM990827MSRXMN03', 'Monica Francisca', 'Quiñonez Gomez', '1999-08-27', 'Pascual Ayon', '2117', 'Cajeme', '644 250 7041', 'SI', 'ACTIVO', 1, 1, '2025-01-01 07:00:00', 'Rendichicas Michoacan', '', NULL, NULL, NULL, NULL, NULL, 100, NULL),
(102, 'TABA070221MSRNLDA7', 'Adriana Asarahy', 'Tanori Balderrama', '2007-02-21', 'Cerco', '2142', 'Fraccionamiento los Patios', '6441965674', 'SI', 'ACTIVO', 1, 1, '2026-04-17 04:28:49', 'Tortilleria de Harina|', '', NULL, NULL, NULL, NULL, NULL, 104, NULL),
(103, '', 'Rosa Maria', 'Carrillo Murillo', NULL, 'Algeciras', '4909', 'Fraccionamientos Las Missiones', '6441345685', 'SI', 'ACTIVO', 1, 1, '2026-04-17 04:34:40', 'Abarrotes La Familia', '', NULL, NULL, NULL, NULL, NULL, 102, NULL),
(104, 'FOVG760407HSRLLL01', 'Gilberto Guadalupe', 'Flores Valenzuela', '1976-04-07', 'Laguna Misteriosa', '233 sur', 'Fraccioanamiento las Haciendas, Seccion los Monjes', '644 259 1359', 'SI', 'ACTIVO', 1, 1, '2026-04-18 04:50:27', 'Llantera Boulebard', 'Enfrente del Centro de Salud, Colonia Cajeme Calle Rosendo Montiel esquina con blvd. Abelardo L. Rodriguez', NULL, NULL, NULL, NULL, NULL, 100, NULL);

-- --------------------------------------------------------

--
-- Estructura de tabla para la tabla `configuracion_financiera`
--

CREATE TABLE `configuracion_financiera` (
  `id_config` int(11) NOT NULL,
  `tasa_interes_default` decimal(5,2) NOT NULL DEFAULT 20.00,
  `dias_gracia` int(11) NOT NULL DEFAULT 0,
  `multa_por_atraso` decimal(10,2) NOT NULL DEFAULT 0.00,
  `porcentaje_mora` decimal(5,2) NOT NULL DEFAULT 0.00,
  `fecha_actualizacion` datetime DEFAULT current_timestamp() ON UPDATE current_timestamp()
) ENGINE=InnoDB DEFAULT CHARSET=utf8mb4 COLLATE=utf8mb4_general_ci;

-- --------------------------------------------------------

--
-- Estructura de tabla para la tabla `documentos_cliente`
--

CREATE TABLE `documentos_cliente` (
  `id_doc` int(11) NOT NULL,
  `id_cliente` int(11) NOT NULL,
  `tipo` enum('INE_FRENTE','INE_REVERSO','COMPROBANTE','PAGARE') NOT NULL,
  `nombre_archivo` varchar(255) NOT NULL,
  `ruta_archivo` varchar(500) NOT NULL,
  `fecha_subida` datetime NOT NULL DEFAULT current_timestamp(),
  `id_empleado` int(11) DEFAULT NULL
) ENGINE=InnoDB DEFAULT CHARSET=utf8mb4 COLLATE=utf8mb4_general_ci;

--
-- Volcado de datos para la tabla `documentos_cliente`
--

INSERT INTO `documentos_cliente` (`id_doc`, `id_cliente`, `tipo`, `nombre_archivo`, `ruta_archivo`, `fecha_subida`, `id_empleado`) VALUES
(1, 101, 'INE_FRENTE', 'INE_FRENTE_1776087672.jpeg', 'uploads/clientes/101/INE_FRENTE_1776087672.jpeg', '2026-04-13 06:41:12', 1),
(2, 101, 'INE_REVERSO', 'INE_REVERSO_1776087680.jpeg', 'uploads/clientes/101/INE_REVERSO_1776087680.jpeg', '2026-04-13 06:41:20', 1),
(3, 104, 'INE_FRENTE', 'INE_FRENTE_1776487828.jpeg', 'uploads/clientes/104/INE_FRENTE_1776487828.jpeg', '2026-04-17 21:50:28', 1),
(4, 104, 'INE_REVERSO', 'INE_REVERSO_1776487828.jpeg', 'uploads/clientes/104/INE_REVERSO_1776487828.jpeg', '2026-04-17 21:50:28', 1);

-- --------------------------------------------------------

--
-- Estructura de tabla para la tabla `empleados`
--

CREATE TABLE `empleados` (
  `id_empleado` int(11) NOT NULL,
  `ine_empleado` varchar(20) DEFAULT NULL,
  `nombre` varchar(50) DEFAULT NULL,
  `apellido` varchar(50) DEFAULT NULL,
  `direccion` varchar(100) DEFAULT NULL,
  `telefono` varchar(15) DEFAULT NULL,
  `curp_seguro` varchar(20) DEFAULT NULL,
  `puesto` enum('GERENTE','SUPERVISOR','ASESOR','CAJERO','CAPTURISTA') DEFAULT NULL,
  `estatus` enum('ACTIVO','BAJA') DEFAULT 'ACTIVO',
  `rol` enum('ASESOR','SUPERVISOR','GERENTE','CAJERO','CAPTURISTA') NOT NULL DEFAULT 'ASESOR',
  `ruta_tipo` enum('DIARIO','SEMANAL') DEFAULT 'DIARIO',
  `id_sucursal` int(11) DEFAULT NULL
) ENGINE=InnoDB DEFAULT CHARSET=utf8mb4 COLLATE=utf8mb4_general_ci;

--
-- Volcado de datos para la tabla `empleados`
--

INSERT INTO `empleados` (`id_empleado`, `ine_empleado`, `nombre`, `apellido`, `direccion`, `telefono`, `curp_seguro`, `puesto`, `estatus`, `rol`, `ruta_tipo`, `id_sucursal`) VALUES
(1, NULL, 'Omar Eduardo', 'Jaramillo Tinoco', 'Blvd. Rododendro 2928', '6441177054', NULL, NULL, 'ACTIVO', 'ASESOR', 'DIARIO', NULL),
(2, NULL, 'Estanislao', 'Jaramillo Apodaca', 'Calle de la Paterna 817', '6441985354', NULL, NULL, 'ACTIVO', 'GERENTE', 'SEMANAL', NULL),
(3, NULL, 'Josue Estanislao', 'Jaramillo Sanchez', 'Calle de la Paterna 922', '6441451847', NULL, NULL, 'ACTIVO', 'SUPERVISOR', 'DIARIO', NULL),
(4, NULL, 'Jose Arturo', 'Gastelum Gastelum', '', '6442155999', NULL, NULL, 'ACTIVO', 'SUPERVISOR', 'DIARIO', NULL),
(5, NULL, 'Manuel', 'Lutt', '', '6442404570', NULL, NULL, 'ACTIVO', 'ASESOR', 'SEMANAL', NULL),
(6, NULL, 'Julio Cesar', 'Merino Gomez', '', '6441023028', NULL, NULL, 'ACTIVO', 'ASESOR', 'DIARIO', NULL),
(7, NULL, 'Jorge Antonio', 'Gastelum Gastelum', '', '6441439101', NULL, NULL, 'ACTIVO', 'ASESOR', 'DIARIO', NULL),
(8, NULL, 'Fernando', 'Lopez Valenzuela', '', '6441593830', NULL, NULL, 'ACTIVO', 'ASESOR', 'DIARIO', NULL),
(9, NULL, 'Raul Efrain', 'Mendivil Ruiz', '', '6442157956', NULL, NULL, 'ACTIVO', 'ASESOR', 'DIARIO', NULL),
(10, NULL, 'Jonathan Pilar', 'Quijada Garcia', '', '6442287241', NULL, NULL, 'ACTIVO', 'ASESOR', 'SEMANAL', NULL),
(11, NULL, 'Jesús Arturo', 'Lopez Quintero', '', '6449979456', NULL, NULL, 'ACTIVO', 'ASESOR', 'DIARIO', NULL),
(12, NULL, 'Pablo', 'Gil', '', '6442767862', NULL, NULL, 'BAJA', 'ASESOR', 'DIARIO', NULL),
(13, NULL, 'Jose Antonio', 'Gastelum Nevarez', '', '6441296238', NULL, NULL, 'ACTIVO', 'ASESOR', 'SEMANAL', NULL),
(14, NULL, 'Carlos Alberto', 'Rabago Lopez', '', '6442467747', NULL, NULL, 'ACTIVO', 'ASESOR', 'DIARIO', NULL),
(15, NULL, 'Josue Moises', 'Castañon Herrera', '', '6441981553', NULL, NULL, 'ACTIVO', 'ASESOR', 'DIARIO', NULL),
(16, NULL, 'Francisco', 'Bautista', '', '644 221 6106', NULL, NULL, 'ACTIVO', 'ASESOR', 'DIARIO', NULL),
(17, NULL, 'Tany', 'Jaramillo', '', '', NULL, 'ASESOR', 'ACTIVO', 'ASESOR', 'SEMANAL', NULL);

--
-- Disparadores `empleados`
--
DELIMITER $$
CREATE TRIGGER `sync_usuario_empleado` AFTER UPDATE ON `empleados` FOR EACH ROW BEGIN

    IF NEW.estatus = 'BAJA' THEN
        UPDATE usuarios
        SET estatus = 'INACTIVO'
        WHERE id_empleado = NEW.id_empleado;
    END IF;

    IF NEW.estatus = 'ACTIVO' THEN
        UPDATE usuarios
        SET estatus = 'ACTIVO'
        WHERE id_empleado = NEW.id_empleado;
    END IF;

END
$$
DELIMITER ;

-- --------------------------------------------------------

--
-- Estructura de tabla para la tabla `historial_cambio_asesor`
--

CREATE TABLE `historial_cambio_asesor` (
  `id` int(11) NOT NULL,
  `id_cliente` int(11) DEFAULT NULL,
  `asesor_anterior` int(11) DEFAULT NULL,
  `asesor_nuevo` int(11) DEFAULT NULL,
  `autorizado_por` int(11) DEFAULT NULL,
  `fecha` timestamp NOT NULL DEFAULT current_timestamp()
) ENGINE=InnoDB DEFAULT CHARSET=utf8mb4 COLLATE=utf8mb4_general_ci;

-- --------------------------------------------------------

--
-- Estructura de tabla para la tabla `historial_clientes`
--

CREATE TABLE `historial_clientes` (
  `id_historial` int(11) NOT NULL,
  `id_cliente` int(11) NOT NULL,
  `asesor_anterior` int(11) NOT NULL,
  `asesor_nuevo` int(11) NOT NULL,
  `autorizado_por` int(11) NOT NULL,
  `fecha` timestamp NOT NULL DEFAULT current_timestamp()
) ENGINE=InnoDB DEFAULT CHARSET=utf8mb4 COLLATE=utf8mb4_general_ci;

--
-- Volcado de datos para la tabla `historial_clientes`
--

INSERT INTO `historial_clientes` (`id_historial`, `id_cliente`, `asesor_anterior`, `asesor_nuevo`, `autorizado_por`, `fecha`) VALUES
(1, 1, 1, 3, 1, '2026-01-24 07:09:39'),
(2, 1, 3, 3, 1, '2026-01-24 07:14:21'),
(3, 1, 3, 3, 1, '2026-01-24 07:14:24'),
(4, 6, 5, 6, 1, '2026-01-24 07:23:47'),
(5, 1, 3, 6, 1, '2026-01-24 07:27:07'),
(6, 5, 5, 6, 1, '2026-01-24 07:27:14'),
(7, 2, 1, 6, 1, '2026-01-24 07:27:20'),
(8, 2, 6, 7, 1, '2026-01-24 07:28:00'),
(9, 5, 6, 8, 1, '2026-01-24 07:28:06'),
(10, 1, 6, 8, 1, '2026-01-24 07:28:12'),
(11, 5, 8, 7, 1, '2026-01-24 07:40:20'),
(12, 1, 8, 7, 1, '2026-01-24 07:40:26'),
(13, 2, 7, 6, 1, '2026-01-24 08:01:29'),
(14, 5, 7, 6, 1, '2026-01-24 08:01:35'),
(15, 1, 7, 6, 1, '2026-01-24 08:01:39'),
(16, 42, 1, 6, 1, '2026-01-25 09:02:18'),
(17, 42, 6, 5, 1, '2026-01-25 09:04:21'),
(18, 25, 1, 5, 1, '2026-02-12 02:16:11'),
(19, 47, 1, 15, 1, '2026-02-12 02:18:03'),
(20, 83, 1, 15, 1, '2026-02-12 02:18:16'),
(21, 52, 1, 15, 1, '2026-02-12 02:18:32'),
(22, 31, 1, 11, 1, '2026-02-25 13:18:42');

-- --------------------------------------------------------

--
-- Estructura de tabla para la tabla `historial_empleados`
--

CREATE TABLE `historial_empleados` (
  `id_historial` int(11) NOT NULL,
  `id_empleado` int(11) DEFAULT NULL,
  `accion` varchar(50) DEFAULT NULL,
  `fecha` datetime DEFAULT NULL,
  `realizado_por` varchar(50) DEFAULT NULL
) ENGINE=InnoDB DEFAULT CHARSET=utf8mb4 COLLATE=utf8mb4_general_ci;

--
-- Volcado de datos para la tabla `historial_empleados`
--

INSERT INTO `historial_empleados` (`id_historial`, `id_empleado`, `accion`, `fecha`, `realizado_por`) VALUES
(1, 1, 'ALTA', '2026-01-23 22:39:35', 'gerente'),
(2, 2, 'ALTA', '2026-01-24 00:46:38', 'gerente'),
(3, 3, 'ALTA', '2026-01-24 01:23:37', 'gerente'),
(4, 4, 'ALTA', '2026-01-24 01:27:39', 'gerente'),
(5, 5, 'ALTA', '2026-01-24 01:27:52', 'gerente'),
(6, 1, 'REACTIVADO', '2026-01-24 01:34:16', 'gerente'),
(7, 1, 'REACTIVADO', '2026-01-24 01:40:06', 'gerente'),
(8, 1, 'REACTIVADO', '2026-01-24 01:41:57', 'gerente'),
(9, 6, 'ALTA', '2026-01-24 01:45:02', 'gerente'),
(10, 1, 'REACTIVADO', '2026-01-24 01:54:45', 'gerente'),
(11, 1, 'ALTA', '2026-01-24 02:10:25', 'gerente'),
(12, 2, 'ALTA', '2026-01-24 09:30:35', 'admin'),
(13, 3, 'ALTA', '2026-01-24 20:58:47', 'admin'),
(14, 4, 'ALTA', '2026-01-24 21:33:48', 'admin'),
(15, 5, 'ALTA', '2026-01-24 21:34:36', 'admin'),
(16, 6, 'ALTA', '2026-01-24 21:35:29', 'admin'),
(17, 7, 'ALTA', '2026-01-24 21:36:04', 'admin'),
(18, 8, 'ALTA', '2026-01-24 21:37:26', 'admin'),
(19, 9, 'ALTA', '2026-01-24 21:38:33', 'admin'),
(20, 10, 'ALTA', '2026-01-24 21:39:57', 'admin'),
(21, 11, 'ALTA', '2026-01-24 21:41:25', 'admin'),
(22, 12, 'ALTA', '2026-01-24 21:42:05', 'admin'),
(23, 13, 'ALTA', '2026-01-24 21:42:48', 'admin'),
(24, 14, 'ALTA', '2026-01-24 21:43:20', 'admin'),
(25, 15, 'ALTA', '2026-02-11 20:17:54', 'admin'),
(26, 16, 'ALTA', '2026-03-04 20:40:52', 'admin'),
(27, 9, 'REACTIVADO', '2026-03-04 21:19:22', 'admin'),
(28, 9, 'REACTIVADO', '2026-03-04 21:19:35', 'admin'),
(29, 12, 'REACTIVADO', '2026-03-04 21:21:23', 'admin');

-- --------------------------------------------------------

--
-- Estructura de tabla para la tabla `historial_visitas`
--

CREATE TABLE `historial_visitas` (
  `id_visita` int(11) NOT NULL,
  `id_prestamo` int(11) NOT NULL,
  `id_cliente` int(11) NOT NULL,
  `id_empleado` int(11) NOT NULL,
  `fecha_visita` date NOT NULL DEFAULT curdate(),
  `resultado` enum('PAGO','NO_PAGO','PAGO_PARCIAL','PROMESA_PAGO','NO_ENCONTRADO') NOT NULL DEFAULT 'NO_PAGO',
  `monto_pagado` decimal(10,2) DEFAULT 0.00,
  `monto_prometido` decimal(10,2) DEFAULT NULL,
  `fecha_prometida` date DEFAULT NULL,
  `motivo` enum('SIN_DINERO','NO_ESTABA_EN_CASA','ENFERMEDAD','PROBLEMA_FAMILIAR','DESACUERDO_MONTO','PROMESA_POSTERIOR','OTRO') DEFAULT NULL,
  `comentario` text DEFAULT NULL,
  `created_at` datetime DEFAULT current_timestamp()
) ENGINE=InnoDB DEFAULT CHARSET=utf8mb4 COLLATE=utf8mb4_general_ci;

--
-- Volcado de datos para la tabla `historial_visitas`
--

INSERT INTO `historial_visitas` (`id_visita`, `id_prestamo`, `id_cliente`, `id_empleado`, `fecha_visita`, `resultado`, `monto_pagado`, `monto_prometido`, `fecha_prometida`, `motivo`, `comentario`, `created_at`) VALUES
(1, 71, 48, 1, '2026-04-17', 'NO_PAGO', 0.00, NULL, NULL, 'SIN_DINERO', 'Cliente se encuentra batallando', '2026-04-17 17:31:24');

-- --------------------------------------------------------

--
-- Estructura de tabla para la tabla `pagos`
--

CREATE TABLE `pagos` (
  `id_pago` int(11) NOT NULL,
  `id_prestamo` int(11) NOT NULL,
  `fecha_pago` datetime NOT NULL DEFAULT current_timestamp(),
  `monto_pagado` decimal(10,2) NOT NULL,
  `cuota_numero` int(11) DEFAULT 0,
  `tipo_pago` varchar(20) DEFAULT NULL,
  `interes` decimal(10,2) DEFAULT 0.00
) ENGINE=InnoDB DEFAULT CHARSET=utf8mb4 COLLATE=utf8mb4_general_ci;

--
-- Volcado de datos para la tabla `pagos`
--

INSERT INTO `pagos` (`id_pago`, `id_prestamo`, `fecha_pago`, `monto_pagado`, `cuota_numero`, `tipo_pago`, `interes`) VALUES
(1, 1, '2026-03-10 00:00:00', 120.00, 1, 'MIGRACION', 0.00),
(2, 1, '2026-03-11 00:00:00', 120.00, 2, 'MIGRACION', 0.00),
(3, 1, '2026-03-12 00:00:00', 120.00, 3, 'MIGRACION', 0.00),
(4, 1, '2026-03-13 00:00:00', 120.00, 4, 'MIGRACION', 0.00),
(5, 1, '2026-03-17 00:00:00', 120.00, 5, 'MIGRACION', 0.00),
(6, 1, '2026-03-18 00:00:00', 100.00, 6, 'MIGRACION', 0.00),
(7, 1, '2026-03-19 00:00:00', 120.00, 7, 'MIGRACION', 0.00),
(8, 1, '2026-03-25 00:00:00', 120.00, 8, 'MIGRACION', 0.00),
(9, 1, '2026-03-28 00:00:00', 120.00, 9, 'MIGRACION', 0.00),
(10, 1, '2026-04-01 00:00:00', 220.00, 10, 'MIGRACION', 0.00),
(11, 1, '2026-04-06 00:00:00', 170.00, 11, 'MIGRACION', 0.00),
(12, 1, '2026-04-07 00:00:00', 70.00, 12, 'MIGRACION', 0.00),
(13, 1, '2026-04-09 00:00:00', 240.00, 13, 'MIGRACION', 0.00),
(14, 1, '2026-04-10 00:00:00', 120.00, 14, 'MIGRACION', 0.00),
(15, 1, '2026-04-13 00:00:00', 120.00, 15, 'MIGRACION', 0.00),
(16, 1, '2026-04-14 00:00:00', 120.00, 16, 'MIGRACION', 0.00),
(17, 1, '2026-04-15 00:00:00', 120.00, 17, 'MIGRACION', 0.00),
(18, 1, '2026-04-16 00:00:00', 160.00, 18, 'MIGRACION', 0.00),
(19, 2, '2026-04-01 00:00:00', 150.00, 1, 'MIGRACION', 0.00),
(20, 2, '2026-04-02 00:00:00', 150.00, 2, 'MIGRACION', 0.00),
(21, 2, '2026-04-06 00:00:00', 150.00, 3, 'MIGRACION', 0.00),
(22, 2, '2026-04-07 00:00:00', 150.00, 4, 'MIGRACION', 0.00),
(23, 2, '2026-04-08 00:00:00', 150.00, 5, 'MIGRACION', 0.00),
(24, 2, '2026-04-09 00:00:00', 150.00, 6, 'MIGRACION', 0.00),
(25, 2, '2026-04-10 00:00:00', 150.00, 7, 'MIGRACION', 0.00),
(26, 2, '2026-04-11 00:00:00', 150.00, 8, 'MIGRACION', 0.00),
(27, 2, '2026-04-13 00:00:00', 150.00, 9, 'MIGRACION', 0.00),
(28, 2, '2026-04-14 00:00:00', 150.00, 10, 'MIGRACION', 0.00),
(29, 2, '2026-04-15 00:00:00', 150.00, 11, 'MIGRACION', 0.00),
(30, 2, '2026-04-16 00:00:00', 1350.00, 12, 'MIGRACION', 0.00),
(31, 3, '2026-03-21 00:00:00', 3600.00, 1, 'MIGRACION', 0.00),
(32, 3, '2026-03-23 00:00:00', 3600.00, 2, 'MIGRACION', 0.00),
(33, 3, '2026-03-24 00:00:00', 3600.00, 3, 'MIGRACION', 0.00),
(34, 3, '2026-03-25 00:00:00', 3600.00, 4, 'MIGRACION', 0.00),
(35, 3, '2026-03-26 00:00:00', 3600.00, 5, 'MIGRACION', 0.00),
(36, 3, '2026-03-27 00:00:00', 2900.00, 6, 'MIGRACION', 0.00),
(37, 3, '2026-03-28 00:00:00', 2900.00, 7, 'MIGRACION', 0.00),
(38, 3, '2026-03-29 00:00:00', 2900.00, 8, 'MIGRACION', 0.00),
(39, 3, '2026-03-30 00:00:00', 2900.00, 9, 'MIGRACION', 0.00),
(40, 3, '2026-04-01 00:00:00', 2900.00, 10, 'MIGRACION', 0.00),
(41, 3, '2026-04-02 00:00:00', 2900.00, 11, 'MIGRACION', 0.00),
(42, 3, '2026-04-06 00:00:00', 2900.00, 12, 'MIGRACION', 0.00),
(43, 3, '2026-04-08 00:00:00', 5800.00, 13, 'MIGRACION', 0.00),
(44, 3, '2026-04-10 00:00:00', 5800.00, 14, 'MIGRACION', 0.00),
(45, 3, '2026-04-13 00:00:00', 2900.00, 15, 'MIGRACION', 0.00),
(46, 3, '2026-04-14 00:00:00', 8700.00, 16, 'MIGRACION', 0.00),
(47, 3, '2026-04-16 00:00:00', 10500.00, 17, 'MIGRACION', 0.00),
(48, 4, '2026-03-26 00:00:00', 100.00, 1, 'MIGRACION', 0.00),
(49, 4, '2026-03-27 00:00:00', 100.00, 2, 'MIGRACION', 0.00),
(50, 4, '2026-03-28 00:00:00', 200.00, 3, 'MIGRACION', 0.00),
(51, 4, '2026-03-30 00:00:00', 100.00, 4, 'MIGRACION', 0.00),
(52, 4, '2026-04-01 00:00:00', 200.00, 5, 'MIGRACION', 0.00),
(53, 4, '2026-04-02 00:00:00', 100.00, 6, 'MIGRACION', 0.00),
(54, 4, '2026-04-07 00:00:00', 200.00, 7, 'MIGRACION', 0.00),
(55, 4, '2026-04-08 00:00:00', 100.00, 8, 'MIGRACION', 0.00),
(56, 4, '2026-04-09 00:00:00', 100.00, 9, 'MIGRACION', 0.00),
(57, 4, '2026-04-10 00:00:00', 100.00, 10, 'MIGRACION', 0.00),
(58, 4, '2026-04-11 00:00:00', 100.00, 11, 'MIGRACION', 0.00),
(59, 4, '2026-04-13 00:00:00', 100.00, 12, 'MIGRACION', 0.00),
(60, 4, '2026-04-14 00:00:00', 100.00, 13, 'MIGRACION', 0.00),
(61, 4, '2026-04-15 00:00:00', 100.00, 14, 'MIGRACION', 0.00),
(62, 4, '2026-04-16 00:00:00', 100.00, 15, 'MIGRACION', 0.00),
(63, 5, '2026-03-24 00:00:00', 90.00, 1, 'MIGRACION', 0.00),
(64, 5, '2026-03-25 00:00:00', 90.00, 2, 'MIGRACION', 0.00),
(65, 5, '2026-03-27 00:00:00', 180.00, 3, 'MIGRACION', 0.00),
(66, 5, '2026-03-28 00:00:00', 90.00, 4, 'MIGRACION', 0.00),
(67, 5, '2026-03-29 00:00:00', 90.00, 5, 'MIGRACION', 0.00),
(68, 5, '2026-03-30 00:00:00', 90.00, 6, 'MIGRACION', 0.00),
(69, 5, '2026-03-31 00:00:00', 90.00, 7, 'MIGRACION', 0.00),
(70, 5, '2026-04-01 00:00:00', 90.00, 8, 'MIGRACION', 0.00),
(71, 5, '2026-04-02 00:00:00', 90.00, 9, 'MIGRACION', 0.00),
(72, 5, '2026-04-06 00:00:00', 90.00, 10, 'MIGRACION', 0.00),
(73, 5, '2026-04-07 00:00:00', 90.00, 11, 'MIGRACION', 0.00),
(74, 5, '2026-04-08 00:00:00', 90.00, 12, 'MIGRACION', 0.00),
(75, 5, '2026-04-09 00:00:00', 90.00, 13, 'MIGRACION', 0.00),
(76, 5, '2026-04-10 00:00:00', 90.00, 14, 'MIGRACION', 0.00),
(77, 5, '2026-04-11 00:00:00', 90.00, 15, 'MIGRACION', 0.00),
(78, 5, '2026-04-18 00:00:00', 90.00, 16, 'MIGRACION', 0.00),
(79, 5, '2026-04-14 00:00:00', 90.00, 17, 'MIGRACION', 0.00),
(80, 5, '2026-04-15 00:00:00', 90.00, 18, 'MIGRACION', 0.00),
(81, 5, '2026-04-16 00:00:00', 90.00, 19, 'MIGRACION', 0.00),
(85, 7, '2026-04-13 00:00:00', 180.00, 1, 'MIGRACION', 0.00),
(86, 7, '2026-04-14 00:00:00', 180.00, 2, 'MIGRACION', 0.00),
(87, 7, '2026-04-15 00:00:00', 180.00, 3, 'MIGRACION', 0.00),
(88, 7, '2026-04-16 00:00:00', 180.00, 4, 'MIGRACION', 0.00),
(89, 8, '2026-04-13 00:00:00', 1800.00, 1, 'MIGRACION', 0.00),
(90, 8, '2026-04-14 00:00:00', 1800.00, 2, 'MIGRACION', 0.00),
(91, 8, '2026-04-16 00:00:00', 1800.00, 3, 'MIGRACION', 0.00),
(92, 9, '2026-04-13 00:00:00', 100.00, 1, 'MIGRACION', 0.00),
(93, 9, '2026-04-14 00:00:00', 100.00, 2, 'MIGRACION', 0.00),
(94, 9, '2026-04-15 00:00:00', 100.00, 3, 'MIGRACION', 0.00),
(95, 9, '2026-04-16 00:00:00', 100.00, 4, 'MIGRACION', 0.00),
(96, 10, '2026-04-11 00:00:00', 500.00, 1, 'MIGRACION', 0.00),
(97, 10, '2026-04-13 00:00:00', 500.00, 2, 'MIGRACION', 0.00),
(98, 10, '2026-04-14 00:00:00', 500.00, 3, 'MIGRACION', 0.00),
(99, 10, '2026-04-15 00:00:00', 500.00, 4, 'MIGRACION', 0.00),
(100, 10, '2026-04-16 00:00:00', 500.00, 5, 'MIGRACION', 0.00),
(101, 11, '2026-04-11 00:00:00', 90.00, 1, 'MIGRACION', 0.00),
(102, 11, '2026-04-13 00:00:00', 90.00, 2, 'MIGRACION', 0.00),
(103, 11, '2026-04-14 00:00:00', 90.00, 3, 'MIGRACION', 0.00),
(104, 11, '2026-04-15 00:00:00', 90.00, 4, 'MIGRACION', 0.00),
(105, 11, '2026-04-16 00:00:00', 90.00, 5, 'MIGRACION', 0.00),
(106, 12, '2026-04-11 00:00:00', 90.00, 1, 'MIGRACION', 0.00),
(107, 12, '2026-04-13 00:00:00', 90.00, 2, 'MIGRACION', 0.00),
(108, 12, '2026-04-14 00:00:00', 90.00, 3, 'MIGRACION', 0.00),
(109, 12, '2026-04-16 00:00:00', 180.00, 4, 'MIGRACION', 0.00),
(110, 13, '2026-04-10 00:00:00', 200.00, 1, 'MIGRACION', 0.00),
(111, 13, '2026-04-11 00:00:00', 200.00, 2, 'MIGRACION', 0.00),
(112, 13, '2026-04-13 00:00:00', 200.00, 3, 'MIGRACION', 0.00),
(113, 13, '2026-04-14 00:00:00', 200.00, 4, 'MIGRACION', 0.00),
(114, 13, '2026-04-15 00:00:00', 200.00, 5, 'MIGRACION', 0.00),
(115, 13, '2026-04-16 00:00:00', 200.00, 6, 'MIGRACION', 0.00),
(116, 14, '2026-04-10 00:00:00', 60.00, 1, 'MIGRACION', 0.00),
(117, 14, '2026-04-11 00:00:00', 60.00, 2, 'MIGRACION', 0.00),
(118, 14, '2026-04-13 00:00:00', 60.00, 3, 'MIGRACION', 0.00),
(119, 14, '2026-04-14 00:00:00', 60.00, 4, 'MIGRACION', 0.00),
(120, 14, '2026-04-15 00:00:00', 60.00, 5, 'MIGRACION', 0.00),
(121, 14, '2026-04-16 00:00:00', 60.00, 6, 'MIGRACION', 0.00),
(122, 15, '2026-04-10 00:00:00', 300.00, 1, 'MIGRACION', 0.00),
(123, 15, '2026-04-11 00:00:00', 300.00, 2, 'MIGRACION', 0.00),
(124, 15, '2026-04-13 00:00:00', 300.00, 3, 'MIGRACION', 0.00),
(125, 15, '2026-04-14 00:00:00', 300.00, 4, 'MIGRACION', 0.00),
(126, 15, '2026-04-15 00:00:00', 300.00, 5, 'MIGRACION', 0.00),
(127, 15, '2026-04-16 00:00:00', 300.00, 6, 'MIGRACION', 0.00),
(128, 16, '2026-04-09 00:00:00', 180.00, 1, 'MIGRACION', 0.00),
(129, 16, '2026-04-10 00:00:00', 180.00, 2, 'MIGRACION', 0.00),
(130, 16, '2026-04-11 00:00:00', 180.00, 3, 'MIGRACION', 0.00),
(131, 16, '2026-04-13 00:00:00', 180.00, 4, 'MIGRACION', 0.00),
(132, 16, '2026-04-14 00:00:00', 180.00, 5, 'MIGRACION', 0.00),
(133, 16, '2026-04-15 00:00:00', 180.00, 6, 'MIGRACION', 0.00),
(134, 16, '2026-04-16 00:00:00', 180.00, 7, 'MIGRACION', 0.00),
(135, 17, '2026-04-08 00:00:00', 400.00, 1, 'MIGRACION', 0.00),
(136, 17, '2026-04-09 00:00:00', 300.00, 2, 'MIGRACION', 0.00),
(137, 17, '2026-04-10 00:00:00', 300.00, 3, 'MIGRACION', 0.00),
(138, 17, '2026-04-11 00:00:00', 300.00, 4, 'MIGRACION', 0.00),
(139, 17, '2026-04-13 00:00:00', 300.00, 5, 'MIGRACION', 0.00),
(140, 17, '2026-04-14 00:00:00', 300.00, 6, 'MIGRACION', 0.00),
(141, 17, '2026-04-15 00:00:00', 300.00, 7, 'MIGRACION', 0.00),
(142, 17, '2026-04-16 00:00:00', 300.00, 8, 'MIGRACION', 0.00),
(143, 18, '2026-04-08 00:00:00', 1200.00, 1, 'MIGRACION', 0.00),
(144, 18, '2026-04-09 00:00:00', 1200.00, 2, 'MIGRACION', 0.00),
(145, 18, '2026-04-10 00:00:00', 1200.00, 3, 'MIGRACION', 0.00),
(146, 18, '2026-04-11 00:00:00', 1200.00, 4, 'MIGRACION', 0.00),
(147, 18, '2026-04-13 00:00:00', 1200.00, 5, 'MIGRACION', 0.00),
(148, 18, '2026-04-14 00:00:00', 1200.00, 6, 'MIGRACION', 0.00),
(149, 18, '2026-04-15 00:00:00', 1200.00, 7, 'MIGRACION', 0.00),
(150, 19, '2026-04-08 00:00:00', 120.00, 1, 'MIGRACION', 0.00),
(151, 19, '2026-04-09 00:00:00', 120.00, 2, 'MIGRACION', 0.00),
(152, 19, '2026-04-10 00:00:00', 120.00, 3, 'MIGRACION', 0.00),
(153, 19, '2026-04-13 00:00:00', 120.00, 4, 'MIGRACION', 0.00),
(154, 19, '2026-04-14 00:00:00', 120.00, 5, 'MIGRACION', 0.00),
(155, 19, '2026-04-15 00:00:00', 120.00, 6, 'MIGRACION', 0.00),
(156, 19, '2026-04-16 00:00:00', 120.00, 7, 'MIGRACION', 0.00),
(157, 20, '2026-04-08 00:00:00', 180.00, 1, 'MIGRACION', 0.00),
(158, 20, '2026-04-09 00:00:00', 180.00, 2, 'MIGRACION', 0.00),
(159, 20, '2026-04-13 00:00:00', 180.00, 3, 'MIGRACION', 0.00),
(160, 20, '2026-04-14 00:00:00', 180.00, 4, 'MIGRACION', 0.00),
(161, 20, '2026-04-15 00:00:00', 180.00, 5, 'MIGRACION', 0.00),
(162, 20, '2026-04-16 00:00:00', 180.00, 6, 'MIGRACION', 0.00),
(163, 21, '2026-04-08 00:00:00', 360.00, 1, 'MIGRACION', 0.00),
(164, 21, '2026-04-09 00:00:00', 180.00, 2, 'MIGRACION', 0.00),
(165, 21, '2026-04-10 00:00:00', 180.00, 3, 'MIGRACION', 0.00),
(166, 21, '2026-04-11 00:00:00', 180.00, 4, 'MIGRACION', 0.00),
(167, 21, '2026-04-13 00:00:00', 180.00, 5, 'MIGRACION', 0.00),
(168, 21, '2026-04-14 00:00:00', 180.00, 6, 'MIGRACION', 0.00),
(169, 21, '2026-04-15 00:00:00', 180.00, 7, 'MIGRACION', 0.00),
(170, 21, '2026-04-16 00:00:00', 180.00, 8, 'MIGRACION', 0.00),
(171, 22, '2026-04-07 00:00:00', 120.00, 1, 'MIGRACION', 0.00),
(172, 22, '2026-04-10 00:00:00', 120.00, 2, 'MIGRACION', 0.00),
(173, 22, '2026-04-11 00:00:00', 120.00, 3, 'MIGRACION', 0.00),
(174, 22, '2026-04-13 00:00:00', 120.00, 4, 'MIGRACION', 0.00),
(175, 22, '2026-04-14 00:00:00', 120.00, 5, 'MIGRACION', 0.00),
(176, 22, '2026-04-16 00:00:00', 120.00, 6, 'MIGRACION', 0.00),
(177, 23, '2026-04-07 00:00:00', 100.00, 1, 'MIGRACION', 0.00),
(178, 23, '2026-04-08 00:00:00', 100.00, 2, 'MIGRACION', 0.00),
(179, 23, '2026-04-09 00:00:00', 100.00, 3, 'MIGRACION', 0.00),
(180, 23, '2026-04-10 00:00:00', 100.00, 4, 'MIGRACION', 0.00),
(181, 23, '2026-04-13 00:00:00', 100.00, 5, 'MIGRACION', 0.00),
(182, 23, '2026-04-14 00:00:00', 100.00, 6, 'MIGRACION', 0.00),
(183, 23, '2026-04-15 00:00:00', 100.00, 7, 'MIGRACION', 0.00),
(184, 23, '2026-04-16 00:00:00', 100.00, 8, 'MIGRACION', 0.00),
(185, 24, '2026-04-06 00:00:00', 300.00, 1, 'MIGRACION', 0.00),
(186, 24, '2026-04-07 00:00:00', 300.00, 2, 'MIGRACION', 0.00),
(187, 24, '2026-04-08 00:00:00', 300.00, 3, 'MIGRACION', 0.00),
(188, 24, '2026-04-09 00:00:00', 300.00, 4, 'MIGRACION', 0.00),
(189, 24, '2026-04-10 00:00:00', 300.00, 5, 'MIGRACION', 0.00),
(190, 24, '2026-04-13 00:00:00', 300.00, 6, 'MIGRACION', 0.00),
(191, 24, '2026-04-14 00:00:00', 300.00, 7, 'MIGRACION', 0.00),
(192, 24, '2026-04-15 00:00:00', 300.00, 8, 'MIGRACION', 0.00),
(193, 24, '2026-04-16 00:00:00', 300.00, 9, 'MIGRACION', 0.00),
(194, 25, '2026-04-06 00:00:00', 300.00, 1, 'MIGRACION', 0.00),
(195, 25, '2026-04-07 00:00:00', 300.00, 2, 'MIGRACION', 0.00),
(196, 25, '2026-04-08 00:00:00', 300.00, 3, 'MIGRACION', 0.00),
(197, 25, '2026-04-09 00:00:00', 300.00, 4, 'MIGRACION', 0.00),
(198, 25, '2026-04-10 00:00:00', 300.00, 5, 'MIGRACION', 0.00),
(199, 25, '2026-04-11 00:00:00', 150.00, 6, 'MIGRACION', 0.00),
(200, 25, '2026-04-13 00:00:00', 150.00, 7, 'MIGRACION', 0.00),
(201, 25, '2026-04-14 00:00:00', 300.00, 8, 'MIGRACION', 0.00),
(202, 25, '2026-04-15 00:00:00', 300.00, 9, 'MIGRACION', 0.00),
(203, 25, '2026-04-16 00:00:00', 300.00, 10, 'MIGRACION', 0.00),
(204, 26, '2026-04-06 00:00:00', 180.00, 1, 'MIGRACION', 0.00),
(205, 26, '2026-04-07 00:00:00', 180.00, 2, 'MIGRACION', 0.00),
(206, 26, '2026-04-08 00:00:00', 180.00, 3, 'MIGRACION', 0.00),
(207, 26, '2026-04-09 00:00:00', 180.00, 4, 'MIGRACION', 0.00),
(208, 26, '2026-04-13 00:00:00', 180.00, 5, 'MIGRACION', 0.00),
(209, 26, '2026-04-14 00:00:00', 180.00, 6, 'MIGRACION', 0.00),
(210, 26, '2026-04-16 00:00:00', 140.00, 7, 'MIGRACION', 0.00),
(211, 27, '2026-04-06 00:00:00', 150.00, 1, 'MIGRACION', 0.00),
(212, 27, '2026-04-08 00:00:00', 150.00, 2, 'MIGRACION', 0.00),
(213, 27, '2026-04-09 00:00:00', 150.00, 3, 'MIGRACION', 0.00),
(214, 27, '2026-04-10 00:00:00', 150.00, 4, 'MIGRACION', 0.00),
(215, 27, '2026-04-11 00:00:00', 150.00, 5, 'MIGRACION', 0.00),
(216, 27, '2026-04-13 00:00:00', 150.00, 6, 'MIGRACION', 0.00),
(217, 27, '2026-04-15 00:00:00', 150.00, 7, 'MIGRACION', 0.00),
(218, 27, '2026-04-16 00:00:00', 150.00, 8, 'MIGRACION', 0.00),
(219, 28, '2026-04-06 00:00:00', 100.00, 1, 'MIGRACION', 0.00),
(220, 28, '2026-04-07 00:00:00', 30.00, 2, 'MIGRACION', 0.00),
(221, 28, '2026-04-08 00:00:00', 90.00, 3, 'MIGRACION', 0.00),
(222, 28, '2026-04-09 00:00:00', 290.00, 4, 'MIGRACION', 0.00),
(223, 28, '2026-04-11 00:00:00', 190.00, 5, 'MIGRACION', 0.00),
(224, 28, '2026-04-13 00:00:00', 90.00, 6, 'MIGRACION', 0.00),
(225, 28, '2026-04-14 00:00:00', 90.00, 7, 'MIGRACION', 0.00),
(226, 28, '2026-04-15 00:00:00', 90.00, 8, 'MIGRACION', 0.00),
(227, 28, '2026-04-16 00:00:00', 90.00, 9, 'MIGRACION', 0.00),
(228, 29, '2026-04-06 00:00:00', 300.00, 1, 'MIGRACION', 0.00),
(229, 29, '2026-04-07 00:00:00', 300.00, 2, 'MIGRACION', 0.00),
(230, 29, '2026-04-08 00:00:00', 300.00, 3, 'MIGRACION', 0.00),
(231, 29, '2026-04-09 00:00:00', 300.00, 4, 'MIGRACION', 0.00),
(232, 29, '2026-04-10 00:00:00', 300.00, 5, 'MIGRACION', 0.00),
(233, 29, '2026-04-11 00:00:00', 300.00, 6, 'MIGRACION', 0.00),
(234, 29, '2026-04-13 00:00:00', 300.00, 7, 'MIGRACION', 0.00),
(235, 29, '2026-04-14 00:00:00', 300.00, 8, 'MIGRACION', 0.00),
(236, 29, '2026-04-15 00:00:00', 300.00, 9, 'MIGRACION', 0.00),
(237, 30, '2026-04-06 00:00:00', 1800.00, 1, 'MIGRACION', 0.00),
(238, 30, '2026-04-08 00:00:00', 3600.00, 2, 'MIGRACION', 0.00),
(239, 30, '2026-04-10 00:00:00', 3600.00, 3, 'MIGRACION', 0.00),
(240, 30, '2026-04-13 00:00:00', 1800.00, 4, 'MIGRACION', 0.00),
(241, 30, '2026-04-15 00:00:00', 5000.00, 5, 'MIGRACION', 0.00),
(242, 30, '2026-04-16 00:00:00', 1800.00, 6, 'MIGRACION', 0.00),
(243, 31, '2026-04-07 00:00:00', 1000.00, 1, 'MIGRACION', 0.00),
(244, 31, '2026-04-08 00:00:00', 600.00, 2, 'MIGRACION', 0.00),
(245, 31, '2026-04-09 00:00:00', 200.00, 3, 'MIGRACION', 0.00),
(246, 31, '2026-04-10 00:00:00', 600.00, 4, 'MIGRACION', 0.00),
(247, 31, '2026-04-11 00:00:00', 500.00, 5, 'MIGRACION', 0.00),
(248, 31, '2026-04-14 00:00:00', 500.00, 6, 'MIGRACION', 0.00),
(249, 31, '2026-04-15 00:00:00', 400.00, 7, 'MIGRACION', 0.00),
(250, 31, '2026-04-16 00:00:00', 700.00, 8, 'MIGRACION', 0.00),
(251, 32, '2026-04-02 00:00:00', 180.00, 1, 'MIGRACION', 0.00),
(252, 32, '2026-04-06 00:00:00', 180.00, 2, 'MIGRACION', 0.00),
(253, 32, '2026-04-07 00:00:00', 180.00, 3, 'MIGRACION', 0.00),
(254, 32, '2026-04-08 00:00:00', 180.00, 4, 'MIGRACION', 0.00),
(255, 32, '2026-04-09 00:00:00', 180.00, 5, 'MIGRACION', 0.00),
(256, 32, '2026-04-10 00:00:00', 180.00, 6, 'MIGRACION', 0.00),
(257, 32, '2026-04-11 00:00:00', 180.00, 7, 'MIGRACION', 0.00),
(258, 32, '2026-04-13 00:00:00', 180.00, 8, 'MIGRACION', 0.00),
(259, 32, '2026-04-14 00:00:00', 180.00, 9, 'MIGRACION', 0.00),
(260, 32, '2026-04-15 00:00:00', 180.00, 10, 'MIGRACION', 0.00),
(261, 32, '2026-04-16 00:00:00', 180.00, 11, 'MIGRACION', 0.00),
(262, 33, '2026-04-02 00:00:00', 120.00, 1, 'MIGRACION', 0.00),
(263, 33, '2026-04-06 00:00:00', 240.00, 2, 'MIGRACION', 0.00),
(264, 33, '2026-04-07 00:00:00', 240.00, 3, 'MIGRACION', 0.00),
(265, 33, '2026-04-10 00:00:00', 120.00, 4, 'MIGRACION', 0.00),
(266, 33, '2026-04-11 00:00:00', 240.00, 5, 'MIGRACION', 0.00),
(267, 33, '2026-04-15 00:00:00', 120.00, 6, 'MIGRACION', 0.00),
(268, 33, '2026-04-16 00:00:00', 119.99, 7, 'MIGRACION', 0.00),
(269, 34, '2026-04-02 00:00:00', 90.00, 1, 'MIGRACION', 0.00),
(270, 34, '2026-04-06 00:00:00', 90.00, 2, 'MIGRACION', 0.00),
(271, 34, '2026-04-07 00:00:00', 90.00, 3, 'MIGRACION', 0.00),
(272, 34, '2026-04-08 00:00:00', 90.00, 4, 'MIGRACION', 0.00),
(273, 34, '2026-04-09 00:00:00', 90.00, 5, 'MIGRACION', 0.00),
(274, 34, '2026-04-10 00:00:00', 90.00, 6, 'MIGRACION', 0.00),
(275, 34, '2026-04-13 00:00:00', 90.00, 7, 'MIGRACION', 0.00),
(276, 34, '2026-04-15 00:00:00', 180.00, 8, 'MIGRACION', 0.00),
(277, 34, '2026-04-16 00:00:00', 90.00, 9, 'MIGRACION', 0.00),
(278, 35, '2026-04-01 00:00:00', 600.00, 1, 'MIGRACION', 0.00),
(279, 35, '2026-04-06 00:00:00', 600.00, 2, 'MIGRACION', 0.00),
(280, 35, '2026-04-07 00:00:00', 600.00, 3, 'MIGRACION', 0.00),
(281, 35, '2026-04-08 00:00:00', 600.00, 4, 'MIGRACION', 0.00),
(282, 35, '2026-04-09 00:00:00', 600.00, 5, 'MIGRACION', 0.00),
(283, 35, '2026-04-10 00:00:00', 600.00, 6, 'MIGRACION', 0.00),
(284, 35, '2026-04-11 00:00:00', 600.00, 7, 'MIGRACION', 0.00),
(285, 35, '2026-04-13 00:00:00', 600.00, 8, 'MIGRACION', 0.00),
(286, 35, '2026-04-14 00:00:00', 600.00, 9, 'MIGRACION', 0.00),
(287, 35, '2026-04-15 00:00:00', 600.00, 10, 'MIGRACION', 0.00),
(288, 35, '2026-04-16 00:00:00', 600.00, 11, 'MIGRACION', 0.00),
(289, 36, '2026-04-01 00:00:00', 2400.00, 1, 'MIGRACION', 0.00),
(290, 36, '2026-04-02 00:00:00', 2900.00, 2, 'MIGRACION', 0.00),
(291, 36, '2026-04-07 00:00:00', 2700.00, 3, 'MIGRACION', 0.00),
(292, 36, '2026-04-08 00:00:00', 2400.00, 4, 'MIGRACION', 0.00),
(293, 36, '2026-04-09 00:00:00', 2400.00, 5, 'MIGRACION', 0.00),
(294, 36, '2026-04-10 00:00:00', 2000.00, 6, 'MIGRACION', 0.00),
(295, 36, '2026-04-11 00:00:00', 2400.00, 7, 'MIGRACION', 0.00),
(296, 36, '2026-04-13 00:00:00', 1800.00, 8, 'MIGRACION', 0.00),
(297, 36, '2026-04-14 00:00:00', 2200.00, 9, 'MIGRACION', 0.00),
(298, 36, '2026-04-15 00:00:00', 2400.00, 10, 'MIGRACION', 0.00),
(299, 36, '2026-04-16 00:00:00', 2400.00, 11, 'MIGRACION', 0.00),
(300, 37, '2026-04-01 00:00:00', 180.00, 1, 'MIGRACION', 0.00),
(301, 37, '2026-04-02 00:00:00', 180.00, 2, 'MIGRACION', 0.00),
(302, 37, '2026-04-06 00:00:00', 180.00, 3, 'MIGRACION', 0.00),
(303, 37, '2026-04-14 00:00:00', 540.00, 4, 'MIGRACION', 0.00),
(304, 37, '2026-04-15 00:00:00', 180.00, 5, 'MIGRACION', 0.00),
(305, 37, '2026-04-16 00:00:00', 180.00, 6, 'MIGRACION', 0.00),
(306, 38, '2026-04-01 00:00:00', 180.00, 1, 'MIGRACION', 0.00),
(307, 38, '2026-04-02 00:00:00', 180.00, 2, 'MIGRACION', 0.00),
(308, 38, '2026-04-06 00:00:00', 180.00, 3, 'MIGRACION', 0.00),
(309, 38, '2026-04-07 00:00:00', 180.00, 4, 'MIGRACION', 0.00),
(310, 38, '2026-04-08 00:00:00', 180.00, 5, 'MIGRACION', 0.00),
(311, 38, '2026-04-09 00:00:00', 180.00, 6, 'MIGRACION', 0.00),
(312, 38, '2026-04-10 00:00:00', 180.00, 7, 'MIGRACION', 0.00),
(313, 38, '2026-04-11 00:00:00', 180.00, 8, 'MIGRACION', 0.00),
(314, 38, '2026-04-13 00:00:00', 180.00, 9, 'MIGRACION', 0.00),
(315, 38, '2026-04-14 00:00:00', 180.00, 10, 'MIGRACION', 0.00),
(316, 38, '2026-04-15 00:00:00', 180.00, 11, 'MIGRACION', 0.00),
(317, 38, '2026-04-16 00:00:00', 180.00, 12, 'MIGRACION', 0.00),
(318, 39, '2026-04-01 00:00:00', 120.00, 1, 'MIGRACION', 0.00),
(319, 39, '2026-04-02 00:00:00', 240.00, 2, 'MIGRACION', 0.00),
(320, 39, '2026-04-06 00:00:00', 120.00, 3, 'MIGRACION', 0.00),
(321, 39, '2026-04-07 00:00:00', 120.00, 4, 'MIGRACION', 0.00),
(322, 39, '2026-04-08 00:00:00', 120.00, 5, 'MIGRACION', 0.00),
(323, 39, '2026-04-09 00:00:00', 120.00, 6, 'MIGRACION', 0.00),
(324, 39, '2026-04-11 00:00:00', 240.00, 7, 'MIGRACION', 0.00),
(325, 39, '2026-04-13 00:00:00', 120.00, 8, 'MIGRACION', 0.00),
(326, 39, '2026-04-14 00:00:00', 120.00, 9, 'MIGRACION', 0.00),
(327, 39, '2026-04-15 00:00:00', 120.00, 10, 'MIGRACION', 0.00),
(328, 39, '2026-04-16 00:00:00', 120.00, 11, 'MIGRACION', 0.00),
(329, 40, '2026-03-31 00:00:00', 360.00, 1, 'MIGRACION', 0.00),
(330, 40, '2026-04-01 00:00:00', 360.00, 2, 'MIGRACION', 0.00),
(331, 40, '2026-04-02 00:00:00', 360.00, 3, 'MIGRACION', 0.00),
(332, 40, '2026-04-07 00:00:00', 1800.00, 4, 'MIGRACION', 0.00),
(333, 40, '2026-04-09 00:00:00', 360.00, 5, 'MIGRACION', 0.00),
(334, 40, '2026-04-10 00:00:00', 360.00, 6, 'MIGRACION', 0.00),
(335, 40, '2026-04-13 00:00:00', 360.00, 7, 'MIGRACION', 0.00),
(336, 40, '2026-04-14 00:00:00', 360.00, 8, 'MIGRACION', 0.00),
(337, 40, '2026-04-15 00:00:00', 360.00, 9, 'MIGRACION', 0.00),
(338, 40, '2026-04-16 00:00:00', 380.00, 10, 'MIGRACION', 0.00),
(339, 41, '2026-03-30 00:00:00', 180.00, 1, 'MIGRACION', 0.00),
(340, 41, '2026-04-01 00:00:00', 180.00, 2, 'MIGRACION', 0.00),
(341, 41, '2026-04-06 00:00:00', 180.00, 3, 'MIGRACION', 0.00),
(342, 41, '2026-04-08 00:00:00', 180.00, 4, 'MIGRACION', 0.00),
(343, 41, '2026-04-09 00:00:00', 180.00, 5, 'MIGRACION', 0.00),
(344, 41, '2026-04-10 00:00:00', 180.00, 6, 'MIGRACION', 0.00),
(345, 41, '2026-04-11 00:00:00', 180.00, 7, 'MIGRACION', 0.00),
(346, 41, '2026-04-13 00:00:00', 180.00, 8, 'MIGRACION', 0.00),
(347, 41, '2026-04-14 00:00:00', 180.00, 9, 'MIGRACION', 0.00),
(348, 41, '2026-04-15 00:00:00', 180.00, 10, 'MIGRACION', 0.00),
(349, 41, '2026-04-16 00:00:00', 300.00, 11, 'MIGRACION', 0.00),
(350, 42, '2026-03-29 00:00:00', 240.00, 1, 'MIGRACION', 0.00),
(351, 42, '2026-03-30 00:00:00', 240.00, 2, 'MIGRACION', 0.00),
(352, 42, '2026-03-31 00:00:00', 240.00, 3, 'MIGRACION', 0.00),
(353, 42, '2026-04-01 00:00:00', 240.00, 4, 'MIGRACION', 0.00),
(354, 42, '2026-04-02 00:00:00', 240.00, 5, 'MIGRACION', 0.00),
(355, 42, '2026-04-06 00:00:00', 240.00, 6, 'MIGRACION', 0.00),
(356, 42, '2026-04-07 00:00:00', 240.00, 7, 'MIGRACION', 0.00),
(357, 42, '2026-04-08 00:00:00', 240.00, 8, 'MIGRACION', 0.00),
(358, 42, '2026-04-09 00:00:00', 240.00, 9, 'MIGRACION', 0.00),
(359, 42, '2026-04-10 00:00:00', 240.00, 10, 'MIGRACION', 0.00),
(360, 42, '2026-04-11 00:00:00', 240.00, 11, 'MIGRACION', 0.00),
(361, 42, '2026-04-13 00:00:00', 240.00, 12, 'MIGRACION', 0.00),
(362, 42, '2026-04-14 00:00:00', 240.00, 13, 'MIGRACION', 0.00),
(363, 42, '2026-04-16 00:00:00', 480.00, 14, 'MIGRACION', 0.00),
(364, 43, '2026-03-29 00:00:00', 240.00, 1, 'MIGRACION', 0.00),
(365, 43, '2026-03-31 00:00:00', 120.00, 2, 'MIGRACION', 0.00),
(366, 43, '2026-04-01 00:00:00', 120.00, 3, 'MIGRACION', 0.00),
(367, 43, '2026-04-02 00:00:00', 240.00, 4, 'MIGRACION', 0.00),
(368, 43, '2026-04-06 00:00:00', 120.00, 5, 'MIGRACION', 0.00),
(369, 43, '2026-04-07 00:00:00', 120.00, 6, 'MIGRACION', 0.00),
(370, 43, '2026-04-09 00:00:00', 240.00, 7, 'MIGRACION', 0.00),
(371, 43, '2026-04-10 00:00:00', 240.00, 8, 'MIGRACION', 0.00),
(372, 43, '2026-04-13 00:00:00', 120.00, 9, 'MIGRACION', 0.00),
(373, 43, '2026-04-14 00:00:00', 240.00, 10, 'MIGRACION', 0.00),
(374, 43, '2026-04-16 00:00:00', 120.00, 11, 'MIGRACION', 0.00),
(375, 44, '2026-03-29 00:00:00', 180.00, 1, 'MIGRACION', 0.00),
(376, 44, '2026-03-30 00:00:00', 180.00, 2, 'MIGRACION', 0.00),
(377, 44, '2026-03-31 00:00:00', 180.00, 3, 'MIGRACION', 0.00),
(378, 44, '2026-04-01 00:00:00', 180.00, 4, 'MIGRACION', 0.00),
(379, 44, '2026-04-06 00:00:00', 180.00, 5, 'MIGRACION', 0.00),
(380, 44, '2026-04-07 00:00:00', 180.00, 6, 'MIGRACION', 0.00),
(381, 44, '2026-04-08 00:00:00', 180.00, 7, 'MIGRACION', 0.00),
(382, 44, '2026-04-09 00:00:00', 180.00, 8, 'MIGRACION', 0.00),
(383, 44, '2026-04-13 00:00:00', 180.00, 9, 'MIGRACION', 0.00),
(384, 44, '2026-04-14 00:00:00', 180.00, 10, 'MIGRACION', 0.00),
(385, 44, '2026-04-15 00:00:00', 180.00, 11, 'MIGRACION', 0.00),
(386, 44, '2026-04-16 00:00:00', 180.00, 12, 'MIGRACION', 0.00),
(387, 45, '2026-03-28 00:00:00', 1800.00, 1, 'MIGRACION', 0.00),
(388, 45, '2026-03-30 00:00:00', 3600.00, 2, 'MIGRACION', 0.00),
(389, 45, '2026-04-01 00:00:00', 1800.00, 3, 'MIGRACION', 0.00),
(390, 45, '2026-04-02 00:00:00', 1800.00, 4, 'MIGRACION', 0.00),
(391, 45, '2026-04-06 00:00:00', 900.00, 5, 'MIGRACION', 0.00),
(392, 45, '2026-04-07 00:00:00', 1000.00, 6, 'MIGRACION', 0.00),
(393, 45, '2026-04-08 00:00:00', 3500.00, 7, 'MIGRACION', 0.00),
(394, 45, '2026-04-10 00:00:00', 3600.00, 8, 'MIGRACION', 0.00),
(395, 45, '2026-04-13 00:00:00', 1800.00, 9, 'MIGRACION', 0.00),
(396, 45, '2026-04-15 00:00:00', 4090.00, 10, 'MIGRACION', 0.00),
(397, 45, '2026-04-16 00:00:00', 1800.00, 11, 'MIGRACION', 0.00),
(398, 46, '2026-03-27 00:00:00', 240.00, 1, 'MIGRACION', 0.00),
(399, 46, '2026-03-28 00:00:00', 240.00, 2, 'MIGRACION', 0.00),
(400, 46, '2026-03-29 00:00:00', 480.00, 3, 'MIGRACION', 0.00),
(401, 46, '2026-03-31 00:00:00', 240.00, 4, 'MIGRACION', 0.00),
(402, 46, '2026-04-06 00:00:00', 250.00, 5, 'MIGRACION', 0.00),
(403, 46, '2026-04-07 00:00:00', 240.00, 6, 'MIGRACION', 0.00),
(404, 46, '2026-04-09 00:00:00', 480.00, 7, 'MIGRACION', 0.00),
(405, 46, '2026-04-10 00:00:00', 240.00, 8, 'MIGRACION', 0.00),
(406, 46, '2026-04-13 00:00:00', 250.00, 9, 'MIGRACION', 0.00),
(407, 46, '2026-04-14 00:00:00', 240.00, 10, 'MIGRACION', 0.00),
(408, 46, '2026-04-15 00:00:00', 240.00, 11, 'MIGRACION', 0.00),
(409, 46, '2026-04-16 00:00:00', 240.00, 12, 'MIGRACION', 0.00),
(410, 47, '2026-03-26 00:00:00', 300.00, 1, 'MIGRACION', 0.00),
(411, 47, '2026-03-28 00:00:00', 300.00, 2, 'MIGRACION', 0.00),
(412, 47, '2026-03-29 00:00:00', 300.00, 3, 'MIGRACION', 0.00),
(413, 47, '2026-03-30 00:00:00', 300.00, 4, 'MIGRACION', 0.00),
(414, 47, '2026-03-31 00:00:00', 300.00, 5, 'MIGRACION', 0.00),
(415, 47, '2026-04-01 00:00:00', 300.00, 6, 'MIGRACION', 0.00),
(416, 47, '2026-04-02 00:00:00', 300.00, 7, 'MIGRACION', 0.00),
(417, 47, '2026-04-06 00:00:00', 600.00, 8, 'MIGRACION', 0.00),
(418, 47, '2026-04-07 00:00:00', 300.00, 9, 'MIGRACION', 0.00),
(419, 47, '2026-04-08 00:00:00', 300.00, 10, 'MIGRACION', 0.00),
(420, 47, '2026-04-09 00:00:00', 300.00, 11, 'MIGRACION', 0.00),
(421, 47, '2026-04-10 00:00:00', 300.00, 12, 'MIGRACION', 0.00),
(422, 47, '2026-04-11 00:00:00', 300.00, 13, 'MIGRACION', 0.00),
(423, 47, '2026-04-13 00:00:00', 300.00, 14, 'MIGRACION', 0.00),
(424, 47, '2026-04-14 00:00:00', 300.00, 15, 'MIGRACION', 0.00),
(425, 47, '2026-04-15 00:00:00', 300.00, 16, 'MIGRACION', 0.00),
(426, 47, '2026-04-16 00:00:00', 300.00, 17, 'MIGRACION', 0.00),
(427, 48, '2026-03-25 00:00:00', 200.00, 1, 'MIGRACION', 0.00),
(428, 48, '2026-03-26 00:00:00', 200.00, 2, 'MIGRACION', 0.00),
(429, 48, '2026-03-27 00:00:00', 200.00, 3, 'MIGRACION', 0.00),
(430, 48, '2026-03-28 00:00:00', 200.00, 4, 'MIGRACION', 0.00),
(431, 48, '2026-03-30 00:00:00', 200.00, 5, 'MIGRACION', 0.00),
(432, 48, '2026-04-01 00:00:00', 200.00, 6, 'MIGRACION', 0.00),
(433, 48, '2026-04-02 00:00:00', 200.00, 7, 'MIGRACION', 0.00),
(434, 48, '2026-04-06 00:00:00', 200.00, 8, 'MIGRACION', 0.00),
(435, 48, '2026-04-07 00:00:00', 200.00, 9, 'MIGRACION', 0.00),
(436, 48, '2026-04-09 00:00:00', 200.00, 10, 'MIGRACION', 0.00),
(437, 48, '2026-04-10 00:00:00', 200.00, 11, 'MIGRACION', 0.00),
(438, 48, '2026-04-11 00:00:00', 200.00, 12, 'MIGRACION', 0.00),
(439, 48, '2026-04-13 00:00:00', 200.00, 13, 'MIGRACION', 0.00),
(440, 48, '2026-04-14 00:00:00', 200.00, 14, 'MIGRACION', 0.00),
(441, 48, '2026-04-15 00:00:00', 200.00, 15, 'MIGRACION', 0.00),
(442, 48, '2026-04-16 00:00:00', 200.00, 16, 'MIGRACION', 0.00),
(443, 49, '2026-03-26 00:00:00', 120.00, 1, 'MIGRACION', 0.00),
(444, 49, '2026-03-27 00:00:00', 120.00, 2, 'MIGRACION', 0.00),
(445, 49, '2026-03-28 00:00:00', 120.00, 3, 'MIGRACION', 0.00),
(446, 49, '2026-03-29 00:00:00', 120.00, 4, 'MIGRACION', 0.00),
(447, 49, '2026-03-30 00:00:00', 120.00, 5, 'MIGRACION', 0.00),
(448, 49, '2026-03-31 00:00:00', 120.00, 6, 'MIGRACION', 0.00),
(449, 49, '2026-04-01 00:00:00', 120.00, 7, 'MIGRACION', 0.00),
(450, 49, '2026-04-02 00:00:00', 120.00, 8, 'MIGRACION', 0.00),
(451, 49, '2026-04-06 00:00:00', 120.00, 9, 'MIGRACION', 0.00),
(452, 49, '2026-04-07 00:00:00', 120.00, 10, 'MIGRACION', 0.00),
(453, 49, '2026-04-10 00:00:00', 120.00, 11, 'MIGRACION', 0.00),
(454, 49, '2026-04-11 00:00:00', 120.00, 12, 'MIGRACION', 0.00),
(455, 49, '2026-04-14 00:00:00', 120.00, 13, 'MIGRACION', 0.00),
(456, 49, '2026-04-16 00:00:00', 120.00, 14, 'MIGRACION', 0.00),
(457, 50, '2026-03-25 00:00:00', 120.00, 1, 'MIGRACION', 0.00),
(458, 50, '2026-03-26 00:00:00', 120.00, 2, 'MIGRACION', 0.00),
(459, 50, '2026-03-27 00:00:00', 120.00, 3, 'MIGRACION', 0.00),
(460, 50, '2026-03-28 00:00:00', 240.00, 4, 'MIGRACION', 0.00),
(461, 50, '2026-03-31 00:00:00', 120.00, 5, 'MIGRACION', 0.00),
(462, 50, '2026-04-01 00:00:00', 120.00, 6, 'MIGRACION', 0.00),
(463, 50, '2026-04-06 00:00:00', 240.00, 7, 'MIGRACION', 0.00),
(464, 50, '2026-04-07 00:00:00', 120.00, 8, 'MIGRACION', 0.00),
(465, 50, '2026-04-09 00:00:00', 240.00, 9, 'MIGRACION', 0.00),
(466, 50, '2026-04-13 00:00:00', 360.00, 10, 'MIGRACION', 0.00),
(467, 50, '2026-04-15 00:00:00', 240.00, 11, 'MIGRACION', 0.00),
(468, 50, '2026-04-16 00:00:00', 120.00, 12, 'MIGRACION', 0.00),
(469, 51, '2026-03-23 00:00:00', 120.00, 1, 'MIGRACION', 0.00),
(470, 51, '2026-03-24 00:00:00', 120.00, 2, 'MIGRACION', 0.00),
(471, 51, '2026-03-25 00:00:00', 120.00, 3, 'MIGRACION', 0.00),
(472, 51, '2026-03-26 00:00:00', 120.00, 4, 'MIGRACION', 0.00),
(473, 51, '2026-03-27 00:00:00', 120.00, 5, 'MIGRACION', 0.00),
(474, 51, '2026-03-28 00:00:00', 120.00, 6, 'MIGRACION', 0.00),
(475, 51, '2026-03-30 00:00:00', 120.00, 7, 'MIGRACION', 0.00),
(476, 51, '2026-03-31 00:00:00', 120.00, 8, 'MIGRACION', 0.00),
(477, 51, '2026-04-01 00:00:00', 120.00, 9, 'MIGRACION', 0.00),
(478, 51, '2026-04-06 00:00:00', 120.00, 10, 'MIGRACION', 0.00),
(479, 51, '2026-04-07 00:00:00', 120.00, 11, 'MIGRACION', 0.00),
(480, 51, '2026-04-08 00:00:00', 120.00, 12, 'MIGRACION', 0.00),
(481, 51, '2026-04-09 00:00:00', 120.00, 13, 'MIGRACION', 0.00),
(482, 51, '2026-04-10 00:00:00', 120.00, 14, 'MIGRACION', 0.00),
(483, 51, '2026-04-11 00:00:00', 120.00, 15, 'MIGRACION', 0.00),
(484, 51, '2026-04-13 00:00:00', 120.00, 16, 'MIGRACION', 0.00),
(485, 51, '2026-04-14 00:00:00', 120.00, 17, 'MIGRACION', 0.00),
(486, 51, '2026-04-15 00:00:00', 120.00, 18, 'MIGRACION', 0.00),
(487, 51, '2026-04-16 00:00:00', 120.00, 19, 'MIGRACION', 0.00),
(488, 52, '2026-03-18 00:00:00', 300.00, 1, 'MIGRACION', 0.00),
(489, 52, '2026-03-19 00:00:00', 300.00, 2, 'MIGRACION', 0.00),
(490, 52, '2026-03-20 00:00:00', 300.00, 3, 'MIGRACION', 0.00),
(491, 52, '2026-03-21 00:00:00', 300.00, 4, 'MIGRACION', 0.00),
(492, 52, '2026-03-23 00:00:00', 300.00, 5, 'MIGRACION', 0.00),
(493, 52, '2026-03-24 00:00:00', 300.00, 6, 'MIGRACION', 0.00),
(494, 52, '2026-03-26 00:00:00', 300.00, 7, 'MIGRACION', 0.00),
(495, 52, '2026-03-27 00:00:00', 300.00, 8, 'MIGRACION', 0.00),
(496, 52, '2026-03-30 00:00:00', 300.00, 9, 'MIGRACION', 0.00),
(497, 52, '2026-04-01 00:00:00', 300.00, 10, 'MIGRACION', 0.00),
(498, 52, '2026-04-02 00:00:00', 300.00, 11, 'MIGRACION', 0.00),
(499, 52, '2026-04-06 00:00:00', 300.00, 12, 'MIGRACION', 0.00),
(500, 52, '2026-04-07 00:00:00', 300.00, 13, 'MIGRACION', 0.00),
(501, 52, '2026-04-08 00:00:00', 300.00, 14, 'MIGRACION', 0.00),
(502, 52, '2026-04-09 00:00:00', 300.00, 15, 'MIGRACION', 0.00),
(503, 52, '2026-04-10 00:00:00', 300.00, 16, 'MIGRACION', 0.00),
(504, 52, '2026-04-13 00:00:00', 300.00, 17, 'MIGRACION', 0.00),
(505, 52, '2026-04-14 00:00:00', 300.00, 18, 'MIGRACION', 0.00),
(506, 52, '2026-04-15 00:00:00', 300.00, 19, 'MIGRACION', 0.00),
(507, 53, '2026-04-14 00:00:00', 60.00, 1, 'MIGRACION', 0.00),
(508, 54, '2026-03-02 00:00:00', 230.00, 1, 'MIGRACION', 0.00),
(509, 54, '2026-03-07 00:00:00', 200.00, 2, 'MIGRACION', 0.00),
(510, 54, '2026-03-18 00:00:00', 400.00, 3, 'MIGRACION', 0.00),
(511, 54, '2026-03-28 00:00:00', 300.00, 4, 'MIGRACION', 0.00),
(512, 54, '2026-04-11 00:00:00', 350.00, 5, 'MIGRACION', 0.00),
(513, 54, '2026-04-14 00:00:00', 400.00, 6, 'MIGRACION', 0.00),
(514, 55, '2026-04-09 00:00:00', 300.00, 1, 'MIGRACION', 0.00),
(515, 55, '2026-04-10 00:00:00', 300.00, 2, 'MIGRACION', 0.00),
(516, 55, '2026-04-11 00:00:00', 300.00, 3, 'MIGRACION', 0.00),
(517, 55, '2026-04-13 00:00:00', 300.00, 4, 'MIGRACION', 0.00),
(518, 55, '2026-04-14 00:00:00', 300.00, 5, 'MIGRACION', 0.00),
(519, 55, '2026-04-15 00:00:00', 300.00, 6, 'MIGRACION', 0.00),
(520, 56, '2026-04-11 00:00:00', 60.00, 1, 'MIGRACION', 0.00),
(521, 56, '2026-04-13 00:00:00', 60.00, 2, 'MIGRACION', 0.00),
(522, 56, '2026-04-14 00:00:00', 60.00, 3, 'MIGRACION', 0.00),
(523, 56, '2026-04-15 00:00:00', 60.00, 4, 'MIGRACION', 0.00),
(524, 57, '2026-04-09 00:00:00', 300.00, 1, 'MIGRACION', 0.00),
(525, 57, '2026-04-10 00:00:00', 300.00, 2, 'MIGRACION', 0.00),
(526, 57, '2026-04-11 00:00:00', 300.00, 3, 'MIGRACION', 0.00),
(527, 57, '2026-04-15 00:00:00', 220.00, 4, 'MIGRACION', 0.00),
(528, 58, '2026-03-24 00:00:00', 720.00, 1, 'MIGRACION', 0.00),
(529, 58, '2026-03-26 00:00:00', 720.00, 2, 'MIGRACION', 0.00),
(530, 58, '2026-03-27 00:00:00', 720.00, 3, 'MIGRACION', 0.00),
(531, 58, '2026-03-28 00:00:00', 720.00, 4, 'MIGRACION', 0.00),
(532, 58, '2026-04-07 00:00:00', 1100.00, 5, 'MIGRACION', 0.00),
(533, 58, '2026-04-14 00:00:00', 2500.00, 6, 'MIGRACION', 0.00),
(534, 58, '2026-04-14 00:00:00', 1000.00, 7, 'MIGRACION', 0.00),
(535, 58, '2026-04-15 00:00:00', 720.00, 8, 'MIGRACION', 0.00),
(536, 59, '2026-03-28 00:00:00', 900.00, 1, 'MIGRACION', 0.00),
(537, 59, '2026-02-06 00:00:00', 1400.00, 2, 'MIGRACION', 0.00),
(538, 60, '2026-03-27 00:00:00', 900.00, 1, 'MIGRACION', 0.00),
(539, 60, '2026-03-28 00:00:00', 900.00, 2, 'MIGRACION', 0.00),
(540, 60, '2026-02-06 00:00:00', 1400.00, 3, 'MIGRACION', 0.00),
(541, 60, '2026-04-07 00:00:00', 900.00, 4, 'MIGRACION', 0.00),
(542, 61, '2026-04-06 00:00:00', 1500.00, 1, 'MIGRACION', 0.00),
(543, 62, '2026-02-20 00:00:00', 120.00, 1, 'MIGRACION', 0.00),
(544, 62, '2026-02-21 00:00:00', 120.00, 2, 'MIGRACION', 0.00),
(545, 62, '2026-02-24 00:00:00', 120.00, 3, 'MIGRACION', 0.00),
(546, 62, '2026-02-27 00:00:00', 120.00, 4, 'MIGRACION', 0.00),
(547, 62, '2026-02-28 00:00:00', 120.00, 5, 'MIGRACION', 0.00),
(548, 62, '2026-03-02 00:00:00', 120.00, 6, 'MIGRACION', 0.00),
(549, 62, '2026-03-05 00:00:00', 120.00, 7, 'MIGRACION', 0.00),
(550, 62, '2026-03-06 00:00:00', 120.00, 8, 'MIGRACION', 0.00),
(551, 62, '2026-03-07 00:00:00', 120.00, 9, 'MIGRACION', 0.00),
(552, 62, '2026-03-09 00:00:00', 120.00, 10, 'MIGRACION', 0.00),
(553, 62, '2026-03-10 00:00:00', 120.00, 11, 'MIGRACION', 0.00),
(554, 63, '2026-03-06 00:00:00', 300.00, 1, 'MIGRACION', 0.00),
(555, 63, '2026-03-07 00:00:00', 300.00, 2, 'MIGRACION', 0.00),
(556, 63, '2026-03-09 00:00:00', 300.00, 3, 'MIGRACION', 0.00),
(557, 63, '2026-03-10 00:00:00', 300.00, 4, 'MIGRACION', 0.00),
(558, 64, '2026-04-15 00:00:00', 300.00, 1, 'MIGRACION', 0.00),
(559, 64, '2026-04-16 00:00:00', 300.00, 2, 'MIGRACION', 0.00),
(560, 65, '2026-04-13 00:00:00', 240.00, 1, 'MIGRACION', 0.00),
(561, 65, '2026-04-14 00:00:00', 240.00, 2, 'MIGRACION', 0.00),
(562, 65, '2026-04-15 00:00:00', 240.00, 3, 'MIGRACION', 0.00),
(563, 65, '2026-04-16 00:00:00', 240.00, 4, 'MIGRACION', 0.00),
(564, 66, '2026-04-09 00:00:00', 240.00, 1, 'MIGRACION', 0.00),
(565, 66, '2026-04-10 00:00:00', 240.00, 2, 'MIGRACION', 0.00),
(566, 66, '2026-04-11 00:00:00', 210.00, 3, 'MIGRACION', 0.00),
(567, 66, '2026-04-13 00:00:00', 240.00, 4, 'MIGRACION', 0.00),
(568, 66, '2026-04-14 00:00:00', 180.00, 5, 'MIGRACION', 0.00),
(569, 66, '2026-04-15 00:00:00', 140.00, 6, 'MIGRACION', 0.00),
(570, 67, '2026-04-02 00:00:00', 150.00, 1, 'MIGRACION', 0.00),
(571, 67, '2026-04-06 00:00:00', 150.00, 2, 'MIGRACION', 0.00),
(572, 67, '2026-04-11 00:00:00', 500.00, 3, 'MIGRACION', 0.00),
(573, 67, '2026-04-13 00:00:00', 150.00, 4, 'MIGRACION', 0.00),
(574, 68, '2026-04-01 00:00:00', 300.00, 1, 'MIGRACION', 0.00),
(575, 68, '2026-04-07 00:00:00', 60.00, 2, 'MIGRACION', 0.00),
(576, 68, '2026-04-10 00:00:00', 300.00, 3, 'MIGRACION', 0.00),
(577, 68, '2026-04-15 00:00:00', 60.00, 4, 'MIGRACION', 0.00),
(578, 71, '2026-04-07 00:00:00', 360.00, 1, 'MIGRACION', 0.00),
(579, 71, '2026-04-10 00:00:00', 180.00, 2, 'MIGRACION', 0.00),
(580, 71, '2026-04-13 00:00:00', 180.00, 3, 'MIGRACION', 0.00),
(581, 71, '2026-04-15 00:00:00', 140.00, 4, 'MIGRACION', 0.00),
(582, 72, '2026-03-17 00:00:00', 360.00, 1, 'MIGRACION', 0.00),
(583, 72, '2026-03-19 00:00:00', 360.00, 2, 'MIGRACION', 0.00),
(584, 72, '2026-03-20 00:00:00', 360.00, 3, 'MIGRACION', 0.00),
(585, 72, '2026-03-21 00:00:00', 360.00, 4, 'MIGRACION', 0.00),
(586, 72, '2026-03-23 00:00:00', 360.00, 5, 'MIGRACION', 0.00),
(587, 72, '2026-03-24 00:00:00', 360.00, 6, 'MIGRACION', 0.00),
(588, 72, '2026-03-27 00:00:00', 420.00, 7, 'MIGRACION', 0.00),
(589, 72, '2026-03-28 00:00:00', 360.00, 8, 'MIGRACION', 0.00),
(590, 72, '2026-03-29 00:00:00', 360.00, 9, 'MIGRACION', 0.00),
(591, 72, '2026-04-02 00:00:00', 1080.00, 10, 'MIGRACION', 0.00),
(592, 72, '2026-04-06 00:00:00', 360.00, 11, 'MIGRACION', 0.00),
(593, 72, '2026-04-07 00:00:00', 250.00, 12, 'MIGRACION', 0.00),
(594, 72, '2026-04-08 00:00:00', 380.00, 13, 'MIGRACION', 0.00),
(595, 72, '2026-04-10 00:00:00', 360.00, 14, 'MIGRACION', 0.00),
(596, 72, '2026-04-13 00:00:00', 360.00, 15, 'MIGRACION', 0.00),
(597, 72, '2026-04-15 00:00:00', 360.00, 16, 'MIGRACION', 0.00),
(598, 73, '2026-03-02 00:00:00', 90.00, 1, 'MIGRACION', 0.00),
(599, 73, '2026-03-03 00:00:00', 90.00, 2, 'MIGRACION', 0.00),
(600, 73, '2026-03-04 00:00:00', 100.00, 3, 'MIGRACION', 0.00),
(601, 73, '2026-03-04 00:00:00', 80.00, 4, 'MIGRACION', 0.00),
(602, 73, '2026-03-06 00:00:00', 90.00, 5, 'MIGRACION', 0.00),
(603, 73, '2026-03-07 00:00:00', 90.00, 6, 'MIGRACION', 0.00),
(604, 73, '2026-03-09 00:00:00', 90.00, 7, 'MIGRACION', 0.00),
(605, 73, '2026-03-11 00:00:00', 180.00, 8, 'MIGRACION', 0.00),
(606, 73, '2026-03-12 00:00:00', 90.00, 9, 'MIGRACION', 0.00),
(607, 73, '2026-03-13 00:00:00', 90.00, 10, 'MIGRACION', 0.00),
(608, 73, '2026-03-14 00:00:00', 90.00, 11, 'MIGRACION', 0.00),
(609, 73, '2026-03-16 00:00:00', 90.00, 12, 'MIGRACION', 0.00),
(610, 73, '2026-04-08 00:00:00', 400.00, 13, 'MIGRACION', 0.00),
(611, 74, '2026-04-07 00:00:00', 300.00, 1, 'MIGRACION', 0.00),
(612, 74, '2026-04-08 00:00:00', 300.00, 2, 'MIGRACION', 0.00),
(613, 74, '2026-04-09 00:00:00', 300.00, 3, 'MIGRACION', 0.00),
(614, 74, '2026-04-10 00:00:00', 300.00, 4, 'MIGRACION', 0.00),
(615, 74, '2026-04-11 00:00:00', 300.00, 5, 'MIGRACION', 0.00),
(616, 74, '2026-04-13 00:00:00', 300.00, 6, 'MIGRACION', 0.00),
(617, 74, '2026-04-14 00:00:00', 300.00, 7, 'MIGRACION', 0.00),
(618, 74, '2026-04-15 00:00:00', 300.00, 8, 'MIGRACION', 0.00),
(619, 75, '2026-04-15 00:00:00', 120.00, 1, 'MIGRACION', 0.00),
(620, 76, '2026-03-29 00:00:00', 300.00, 1, 'MIGRACION', 0.00),
(621, 76, '2026-03-30 00:00:00', 300.00, 2, 'MIGRACION', 0.00),
(622, 76, '2026-03-31 00:00:00', 300.00, 3, 'MIGRACION', 0.00),
(623, 76, '2026-04-01 00:00:00', 300.00, 4, 'MIGRACION', 0.00),
(624, 76, '2026-04-02 00:00:00', 300.00, 5, 'MIGRACION', 0.00),
(625, 76, '2026-04-06 00:00:00', 300.00, 6, 'MIGRACION', 0.00),
(626, 76, '2026-04-07 00:00:00', 300.00, 7, 'MIGRACION', 0.00),
(627, 76, '2026-04-08 00:00:00', 300.00, 8, 'MIGRACION', 0.00),
(628, 76, '2026-04-09 00:00:00', 300.00, 9, 'MIGRACION', 0.00),
(629, 76, '2026-04-10 00:00:00', 300.00, 10, 'MIGRACION', 0.00),
(630, 76, '2026-04-11 00:00:00', 300.00, 11, 'MIGRACION', 0.00),
(631, 76, '2026-04-13 00:00:00', 300.00, 12, 'MIGRACION', 0.00),
(632, 76, '2026-04-14 00:00:00', 300.00, 13, 'MIGRACION', 0.00),
(639, 78, '2026-04-16 00:00:00', 120.00, 1, 'MIGRACION', 0.00),
(640, 79, '2026-04-16 00:00:00', 100.00, 1, 'MIGRACION', 0.00),
(641, 80, '2026-04-16 00:00:00', 600.00, 1, 'MIGRACION', 0.00),
(642, 84, '2026-04-16 00:00:00', 180.00, 1, 'MIGRACION', 0.00),
(643, 85, '2026-04-16 00:00:00', 180.00, 1, 'MIGRACION', 0.00),
(644, 87, '2026-04-15 00:00:00', 180.00, 1, 'MIGRACION', 0.00),
(645, 87, '2026-04-16 00:00:00', 180.00, 2, 'MIGRACION', 0.00),
(646, 88, '2026-04-15 00:00:00', 120.00, 1, 'MIGRACION', 0.00),
(647, 88, '2026-04-16 00:00:00', 120.00, 2, 'MIGRACION', 0.00),
(648, 52, '2026-04-17 09:17:50', 300.00, 0, NULL, 0.00),
(649, 87, '2026-04-17 09:18:03', 180.00, 0, NULL, 0.00),
(650, 14, '2026-04-17 09:18:28', 60.00, 0, NULL, 0.00),
(651, 16, '2026-04-17 09:18:40', 180.00, 0, NULL, 0.00),
(652, 50, '2026-04-17 09:19:30', 240.00, 0, NULL, 0.00),
(653, 28, '2026-04-17 12:08:56', 90.00, 0, NULL, 0.00),
(654, 65, '2026-04-17 12:49:53', 240.00, 0, NULL, 0.00),
(655, 11, '2026-04-17 12:50:02', 90.00, 0, NULL, 0.00),
(656, 40, '2026-04-17 12:50:18', 1780.00, 0, NULL, 0.00),
(657, 32, '2026-04-17 12:50:32', 180.00, 0, NULL, 0.00),
(658, 38, '2026-04-17 12:50:50', 180.00, 0, NULL, 0.00),
(659, 55, '2026-04-17 12:51:02', 600.00, 0, NULL, 0.00),
(660, 88, '2026-04-17 12:52:44', 120.00, 0, NULL, 0.00),
(661, 39, '2026-04-17 12:52:57', 120.00, 0, NULL, 0.00),
(662, 13, '2026-04-17 12:53:29', 200.00, 0, NULL, 0.00),
(663, 79, '2026-04-17 12:53:42', 100.00, 0, NULL, 0.00),
(664, 22, '2026-04-17 12:53:54', 120.00, 0, NULL, 0.00),
(665, 48, '2026-04-17 12:54:17', 200.00, 0, NULL, 0.00),
(666, 30, '2026-04-17 12:54:27', 1800.00, 0, NULL, 0.00),
(667, 86, '2026-04-17 12:54:38', 2900.00, 0, NULL, 0.00),
(668, 45, '2026-04-17 12:54:47', 1800.00, 0, NULL, 0.00),
(669, 35, '2026-04-17 14:18:59', 600.00, 0, NULL, 0.00),
(670, 19, '2026-04-17 14:19:08', 120.00, 0, NULL, 0.00),
(671, 34, '2026-04-17 14:19:15', 90.00, 0, NULL, 0.00),
(672, 53, '2026-04-17 14:19:34', 150.00, 0, NULL, 0.00),
(673, 80, '2026-04-17 16:25:57', 600.00, 0, NULL, 0.00),
(674, 46, '2026-04-17 16:26:11', 240.00, 0, NULL, 0.00),
(675, 24, '2026-04-17 16:26:24', 300.00, 0, NULL, 0.00),
(676, 23, '2026-04-17 16:26:36', 100.00, 0, NULL, 0.00),
(677, 58, '2026-04-17 16:26:51', 720.00, 0, NULL, 0.00),
(678, 43, '2026-04-17 16:27:00', 120.00, 0, NULL, 0.00),
(679, 15, '2026-04-17 16:27:10', 300.00, 0, NULL, 0.00),
(680, 44, '2026-04-17 16:27:17', 180.00, 0, NULL, 0.00),
(681, 20, '2026-04-17 16:27:24', 180.00, 0, NULL, 0.00),
(682, 84, '2026-04-17 16:27:34', 180.00, 0, NULL, 0.00),
(683, 33, '2026-04-17 16:27:43', 120.00, 0, NULL, 0.00),
(684, 21, '2026-04-17 16:27:53', 180.00, 0, NULL, 0.00),
(685, 51, '2026-04-17 16:28:03', 120.00, 0, NULL, 0.00),
(686, 78, '2026-04-17 16:28:11', 120.00, 0, NULL, 0.00),
(687, 37, '2026-04-17 16:28:19', 180.00, 0, NULL, 0.00),
(688, 64, '2026-04-17 16:28:33', 300.00, 0, NULL, 0.00),
(689, 41, '2026-04-17 16:28:46', 180.00, 0, NULL, 0.00),
(690, 82, '2026-04-17 16:28:54', 210.00, 0, NULL, 0.00),
(691, 49, '2026-04-17 16:29:03', 120.00, 0, NULL, 0.00),
(692, 27, '2026-04-17 16:29:10', 150.00, 0, NULL, 0.00),
(693, 10, '2026-04-17 16:29:17', 500.00, 0, NULL, 0.00),
(694, 36, '2026-04-17 16:29:32', 2600.00, 0, NULL, 0.00),
(695, 31, '2026-04-17 16:29:45', 600.00, 0, NULL, 0.00),
(696, 57, '2026-04-17 16:29:57', 300.00, 0, NULL, 0.00),
(697, 17, '2026-04-17 16:30:06', 300.00, 0, NULL, 0.00),
(698, 47, '2026-04-17 16:30:13', 300.00, 0, NULL, 0.00),
(699, 56, '2026-04-17 16:30:21', 60.00, 0, NULL, 0.00),
(701, 77, '2026-04-06 00:00:00', 180.00, 1, 'TARJETA', 0.00),
(702, 77, '2026-04-07 00:00:00', 180.00, 2, 'TARJETA', 0.00),
(703, 77, '2026-04-08 00:00:00', 180.00, 3, 'TARJETA', 0.00),
(704, 77, '2026-04-09 00:00:00', 180.00, 4, 'TARJETA', 0.00),
(705, 77, '2026-04-13 00:00:00', 180.00, 5, 'TARJETA', 0.00),
(706, 68, '2026-04-18 13:11:34', 480.00, 0, NULL, 0.00),
(707, 69, '2026-04-18 13:11:54', 1800.00, 0, NULL, 0.00),
(708, 48, '2026-04-18 13:12:18', 200.00, 0, NULL, 0.00),
(709, 81, '2026-04-18 13:12:35', 360.00, 0, NULL, 0.00),
(710, 14, '2026-04-18 13:13:00', 60.00, 0, NULL, 0.00),
(711, 87, '2026-04-18 13:13:12', 180.00, 0, NULL, 0.00),
(712, 12, '2026-04-18 13:13:26', 90.00, 0, NULL, 0.00),
(713, 39, '2026-04-18 13:13:35', 120.00, 0, NULL, 0.00),
(714, 88, '2026-04-18 13:13:44', 120.00, 0, NULL, 0.00),
(715, 79, '2026-04-18 13:14:00', 100.00, 0, NULL, 0.00),
(716, 13, '2026-04-18 13:14:12', 200.00, 0, NULL, 0.00),
(717, 42, '2026-04-18 13:14:25', 480.00, 0, NULL, 0.00),
(719, 83, '2026-04-18 13:14:58', 120.00, 0, NULL, 0.00),
(724, 6, '2026-04-13 00:00:00', 120.00, 1, 'TARJETA', 0.00),
(725, 6, '2026-04-14 00:00:00', 120.00, 2, 'TARJETA', 0.00),
(726, 6, '2026-04-16 00:00:00', 240.00, 3, 'TARJETA', 0.00),
(727, 6, '2026-04-18 00:00:00', 240.00, 7, 'TARJETA', 0.00),
(728, 26, '2026-04-18 13:17:19', 180.00, 0, NULL, 0.00),
(729, 77, '2026-04-18 13:17:28', 180.00, 0, NULL, 0.00),
(730, 11, '2026-04-18 13:17:38', 90.00, 0, NULL, 0.00),
(731, 32, '2026-04-18 13:17:49', 180.00, 0, NULL, 0.00),
(732, 55, '2026-04-18 13:18:03', 300.00, 0, NULL, 0.00),
(733, 38, '2026-04-18 13:18:23', 180.00, 0, NULL, 0.00),
(734, 73, '2026-04-18 13:18:35', 230.00, 0, NULL, 0.00),
(735, 33, '2026-04-18 13:18:53', 120.00, 0, NULL, 0.00),
(736, 65, '2026-04-18 13:22:05', 240.00, 0, NULL, 0.00),
(737, 72, '2026-04-18 13:34:53', 750.00, 0, NULL, 0.00),
(738, 71, '2026-04-18 13:35:07', 1080.00, 0, NULL, 0.00),
(739, 25, '2026-04-18 13:39:32', 300.00, 0, NULL, 0.00),
(740, 46, '2026-04-18 13:58:58', 1180.00, 0, NULL, 0.00),
(741, 45, '2026-04-18 16:44:32', 1800.00, 0, NULL, 0.00),
(742, 30, '2026-04-18 16:44:40', 1800.00, 0, NULL, 0.00),
(743, 86, '2026-04-18 16:44:52', 2900.00, 0, NULL, 0.00);

--
-- Disparadores `pagos`
--
DELIMITER $$
CREATE TRIGGER `trg_score_pago` AFTER INSERT ON `pagos` FOR EACH ROW BEGIN
    DECLARE cliente_id INT;
    DECLARE fecha_limite DATE;

    -- Obtener cliente y fecha fin del préstamo
    SELECT id_cliente, fecha_fin
    INTO cliente_id, fecha_limite
    FROM prestamos
    WHERE id_prestamo = NEW.id_prestamo;

    -- Si paga después de fecha_fin se penaliza
    IF DATE(NEW.fecha_pago) > fecha_limite THEN
        UPDATE clientes
        SET score_crediticio = GREATEST(score_crediticio - 5, 0)
        WHERE id_cliente = cliente_id;
    ELSE
        UPDATE clientes
        SET score_crediticio = LEAST(score_crediticio + 2, 150)
        WHERE id_cliente = cliente_id;
    END IF;

END
$$
DELIMITER ;

-- --------------------------------------------------------

--
-- Estructura de tabla para la tabla `prestamos`
--

CREATE TABLE `prestamos` (
  `id_prestamo` int(11) NOT NULL,
  `id_cliente` int(11) DEFAULT NULL,
  `id_empleado` int(11) DEFAULT NULL,
  `numero_credito_asesor` int(2) DEFAULT NULL,
  `monto_prestado` decimal(10,2) DEFAULT NULL,
  `interes` decimal(10,2) DEFAULT NULL,
  `total_pagar` decimal(10,2) DEFAULT NULL,
  `pago_diario` decimal(10,2) DEFAULT NULL,
  `plazo_semanas` int(2) DEFAULT NULL,
  `fecha_prestamo` date DEFAULT NULL,
  `fecha_inicio` date DEFAULT NULL,
  `fecha_fin` date DEFAULT NULL,
  `dias` int(11) DEFAULT 20,
  `estado` enum('ACTIVO','PAGADO','ATRASADO','RENOVADO') DEFAULT 'ACTIVO',
  `interes_total` decimal(10,2) NOT NULL DEFAULT 0.00,
  `saldo_actual` decimal(10,2) DEFAULT 0.00,
  `fecha_liquidacion` date DEFAULT NULL,
  `id_prestamo_renovado` int(11) DEFAULT NULL,
  `monto_total` decimal(10,2) DEFAULT 0.00,
  `total_pagado` decimal(10,2) DEFAULT 0.00,
  `firma_supervisor` varchar(255) DEFAULT NULL,
  `id_sucursal` int(11) DEFAULT NULL,
  `mora_acumulada` decimal(10,2) DEFAULT 0.00,
  `dias_prestamo` int(11) DEFAULT 30
) ENGINE=InnoDB DEFAULT CHARSET=utf8mb4 COLLATE=utf8mb4_general_ci;

--
-- Volcado de datos para la tabla `prestamos`
--

INSERT INTO `prestamos` (`id_prestamo`, `id_cliente`, `id_empleado`, `numero_credito_asesor`, `monto_prestado`, `interes`, `total_pagar`, `pago_diario`, `plazo_semanas`, `fecha_prestamo`, `fecha_inicio`, `fecha_fin`, `dias`, `estado`, `interes_total`, `saldo_actual`, `fecha_liquidacion`, `id_prestamo_renovado`, `monto_total`, `total_pagado`, `firma_supervisor`, `id_sucursal`, `mora_acumulada`, `dias_prestamo`) VALUES
(1, 85, 1, 1, 2000.00, 400.00, 2400.00, 120.00, NULL, NULL, '2026-03-09', NULL, 20, 'PAGADO', 0.00, 0.00, '2026-04-17', NULL, 0.00, 2400.00, NULL, NULL, 0.00, 30),
(2, 12, 1, 2, 2500.00, 500.00, 3000.00, 150.00, NULL, NULL, '2026-03-31', NULL, 20, 'PAGADO', 0.00, 0.00, '2026-04-17', NULL, 0.00, 3000.00, NULL, NULL, 0.00, 30),
(3, 17, 1, 3, 60000.00, 12000.00, 72000.00, 3600.00, NULL, NULL, '2026-03-20', NULL, 20, 'PAGADO', 0.00, 0.00, '2026-04-17', NULL, 0.00, 72000.00, NULL, NULL, 0.00, 30),
(4, 30, 1, 4, 1500.00, 300.00, 1800.00, 90.00, NULL, NULL, '2026-03-25', NULL, 20, 'PAGADO', 0.00, 0.00, '2026-04-17', NULL, 0.00, 1800.00, NULL, NULL, 0.00, 30),
(5, 13, 1, 5, 1500.00, 300.00, 1800.00, 90.00, NULL, NULL, '2026-03-23', NULL, 20, 'PAGADO', 0.00, 0.00, '2026-04-17', NULL, 0.00, 1800.00, NULL, NULL, 0.00, 30),
(6, 100, 1, 6, 2000.00, 400.00, 2400.00, 120.00, NULL, NULL, '2026-04-11', NULL, 20, 'ACTIVO', 0.00, 1680.00, NULL, NULL, 0.00, 720.00, NULL, NULL, 0.00, 30),
(7, 18, 1, 7, 3000.00, 600.00, 3600.00, 180.00, NULL, NULL, '2026-04-11', NULL, 20, 'ACTIVO', 0.00, 2880.00, NULL, NULL, 0.00, 720.00, NULL, NULL, 0.00, 30),
(8, 24, 1, 8, 36000.00, 7200.00, 43200.00, 2160.00, NULL, NULL, '2026-04-11', NULL, 20, 'ACTIVO', 0.00, 37800.00, NULL, NULL, 0.00, 5400.00, NULL, NULL, 0.00, 30),
(9, 101, 1, 9, 1500.00, 300.00, 1800.00, 90.00, NULL, NULL, '2026-04-11', NULL, 20, 'ACTIVO', 0.00, 1400.00, NULL, NULL, 0.00, 400.00, NULL, NULL, 0.00, 30),
(10, 60, 1, 10, 10000.00, 2000.00, 12000.00, 500.00, NULL, NULL, '2026-04-10', NULL, 24, 'ACTIVO', 0.00, 9000.00, NULL, NULL, 0.00, 3000.00, NULL, NULL, 0.00, 30),
(11, 96, 1, 11, 1500.00, 300.00, 1800.00, 90.00, NULL, NULL, '2026-04-10', NULL, 20, 'ACTIVO', 0.00, 1170.00, NULL, NULL, 0.00, 630.00, NULL, NULL, 0.00, 30),
(12, 95, 1, 12, 1500.00, 300.00, 1800.00, 90.00, NULL, NULL, '2026-04-09', NULL, 20, 'ACTIVO', 0.00, 1260.00, NULL, NULL, 0.00, 540.00, NULL, NULL, 0.00, 30),
(13, 19, 1, 13, 3000.00, 600.00, 3600.00, 180.00, NULL, NULL, '2026-04-09', NULL, 20, 'ACTIVO', 0.00, 2000.00, NULL, NULL, 0.00, 1600.00, NULL, NULL, 0.00, 30),
(14, 13, 1, 14, 1000.00, 200.00, 1200.00, 60.00, NULL, NULL, '2026-04-09', NULL, 20, 'ACTIVO', 0.00, 720.00, NULL, NULL, 0.00, 480.00, NULL, NULL, 0.00, 30),
(15, 10, 1, 15, 5000.00, 1000.00, 6000.00, 300.00, NULL, NULL, '2026-04-09', NULL, 20, 'ACTIVO', 0.00, 3900.00, NULL, NULL, 0.00, 2100.00, NULL, NULL, 0.00, 30),
(16, 68, 1, 16, 3000.00, 600.00, 3600.00, 180.00, NULL, NULL, '2026-04-08', NULL, 20, 'ACTIVO', 0.00, 2160.00, NULL, NULL, 0.00, 1440.00, NULL, NULL, 0.00, 30),
(17, 50, 1, 17, 5000.00, 1000.00, 6000.00, 300.00, NULL, NULL, '2026-04-07', NULL, 20, 'ACTIVO', 0.00, 3200.00, NULL, NULL, 0.00, 2800.00, NULL, NULL, 0.00, 30),
(18, 24, 1, 18, 20000.00, 4000.00, 24000.00, 1200.00, NULL, NULL, '2026-04-07', NULL, 20, 'ACTIVO', 0.00, 15600.00, NULL, NULL, 0.00, 8400.00, NULL, NULL, 0.00, 30),
(19, 33, 1, 19, 2000.00, 400.00, 2400.00, 120.00, NULL, NULL, '2026-04-07', NULL, 20, 'ACTIVO', 0.00, 1440.00, NULL, NULL, 0.00, 960.00, NULL, NULL, 0.00, 30),
(20, 59, 1, 20, 3000.00, 600.00, 3600.00, 180.00, NULL, NULL, '2026-04-07', NULL, 20, 'ACTIVO', 0.00, 2340.00, NULL, NULL, 0.00, 1260.00, NULL, NULL, 0.00, 30),
(21, 56, 1, 21, 3000.00, 600.00, 3600.00, 180.00, NULL, NULL, '2026-04-06', NULL, 20, 'ACTIVO', 0.00, 1800.00, NULL, NULL, 0.00, 1800.00, NULL, NULL, 0.00, 30),
(22, 21, 1, 22, 2000.00, 400.00, 2400.00, 120.00, NULL, NULL, '2026-04-06', NULL, 20, 'ACTIVO', 0.00, 1560.00, NULL, NULL, 0.00, 840.00, NULL, NULL, 0.00, 30),
(23, 6, 1, 23, 1500.00, 300.00, 1800.00, 90.00, NULL, NULL, '2026-04-06', NULL, 20, 'ACTIVO', 0.00, 900.00, NULL, NULL, 0.00, 900.00, NULL, NULL, 0.00, 30),
(24, 6, 1, 24, 5000.00, 1000.00, 6000.00, 300.00, NULL, NULL, '2026-04-02', NULL, 20, 'ACTIVO', 0.00, 3000.00, NULL, NULL, 0.00, 3000.00, NULL, NULL, 0.00, 30),
(25, 5, 1, 25, 5000.00, 1000.00, 6000.00, 300.00, NULL, NULL, '2026-04-02', NULL, 20, 'ACTIVO', 0.00, 3000.00, NULL, NULL, 0.00, 3000.00, NULL, NULL, 0.00, 30),
(26, 77, 1, 26, 3000.00, 600.00, 3600.00, 180.00, NULL, NULL, '2026-04-02', NULL, 20, 'ACTIVO', 0.00, 2200.00, NULL, NULL, 0.00, 1400.00, NULL, NULL, 0.00, 30),
(27, 62, 1, 27, 2500.00, 500.00, 3000.00, 150.00, NULL, NULL, '2026-04-02', NULL, 20, 'ACTIVO', 0.00, 1650.00, NULL, NULL, 0.00, 1350.00, NULL, NULL, 0.00, 30),
(28, 27, 1, 28, 1500.00, 300.00, 1800.00, 90.00, NULL, NULL, '2026-04-02', NULL, 20, 'ACTIVO', 0.00, 650.00, NULL, NULL, 0.00, 1150.00, NULL, NULL, 0.00, 30),
(29, 24, 1, 29, 5000.00, 1000.00, 6000.00, 300.00, NULL, NULL, '2026-04-02', NULL, 20, 'ACTIVO', 0.00, 3300.00, NULL, NULL, 0.00, 2700.00, NULL, NULL, 0.00, 30),
(30, 17, 1, 30, 30000.00, 6000.00, 36000.00, 1800.00, NULL, NULL, '2026-04-02', NULL, 20, 'ACTIVO', 0.00, 14800.00, NULL, NULL, 0.00, 21200.00, NULL, NULL, 0.00, 30),
(31, 57, 1, 31, 10000.00, 2000.00, 12000.00, 600.00, NULL, NULL, '2026-04-01', NULL, 20, 'ACTIVO', 0.00, 6900.00, NULL, NULL, 0.00, 5100.00, NULL, NULL, 0.00, 30),
(32, 87, 1, 32, 3000.00, 600.00, 3600.00, 180.00, NULL, NULL, '2026-04-01', NULL, 20, 'ACTIVO', 0.00, 1260.00, NULL, NULL, 0.00, 2340.00, NULL, NULL, 0.00, 30),
(33, 26, 1, 33, 2000.00, 400.00, 2400.00, 120.00, NULL, NULL, '2026-04-01', NULL, 20, 'ACTIVO', 0.00, 960.01, NULL, NULL, 0.00, 1439.99, NULL, NULL, 0.00, 30),
(34, 33, 1, 34, 1500.00, 300.00, 1800.00, 90.00, NULL, NULL, '2026-04-01', NULL, 20, 'ACTIVO', 0.00, 810.00, NULL, NULL, 0.00, 990.00, NULL, NULL, 0.00, 30),
(35, 45, 1, 35, 10000.00, 2000.00, 12000.00, 600.00, NULL, NULL, '2026-04-01', NULL, 20, 'ACTIVO', 0.00, 4800.00, NULL, NULL, 0.00, 7200.00, NULL, NULL, 0.00, 30),
(36, 69, 1, 36, 50000.00, 10000.00, 60000.00, 2400.00, NULL, NULL, '2026-03-31', NULL, 25, 'ACTIVO', 0.00, 31400.00, NULL, NULL, 0.00, 28600.00, NULL, NULL, 0.00, 30),
(37, 92, 1, 37, 3000.00, 600.00, 3600.00, 180.00, NULL, NULL, '2026-03-31', NULL, 20, 'ACTIVO', 0.00, 1980.00, NULL, NULL, 0.00, 1620.00, NULL, NULL, 0.00, 30),
(38, 28, 1, 38, 3000.00, 600.00, 3600.00, 180.00, NULL, NULL, '2026-03-31', NULL, 20, 'ACTIVO', 0.00, 1080.00, NULL, NULL, 0.00, 2520.00, NULL, NULL, 0.00, 30),
(39, 82, 1, 39, 2000.00, 400.00, 2400.00, 120.00, NULL, NULL, '2026-03-31', NULL, 20, 'ACTIVO', 0.00, 600.00, NULL, NULL, 0.00, 1800.00, NULL, NULL, 0.00, 30),
(40, 53, 1, 40, 6000.00, 1200.00, 7200.00, 360.00, NULL, NULL, '2026-03-30', NULL, 20, 'ACTIVO', 0.00, 360.00, NULL, NULL, 0.00, 6840.00, NULL, NULL, 0.00, 30),
(41, 67, 1, 41, 3000.00, 600.00, 3600.00, 180.00, NULL, NULL, '2026-03-30', NULL, 20, 'ACTIVO', 0.00, 1320.00, NULL, NULL, 0.00, 2280.00, NULL, NULL, 0.00, 30),
(42, 23, 1, 42, 4000.00, 800.00, 4800.00, 240.00, NULL, NULL, '2026-03-28', NULL, 20, 'ACTIVO', 0.00, 720.00, NULL, NULL, 0.00, 4080.00, NULL, NULL, 0.00, 30),
(43, 84, 1, 43, 2000.00, 400.00, 2400.00, 120.00, NULL, NULL, '2026-03-28', NULL, 20, 'ACTIVO', 0.00, 360.00, NULL, NULL, 0.00, 2040.00, NULL, NULL, 0.00, 30),
(44, 59, 1, 44, 3000.00, 600.00, 3600.00, 180.00, NULL, NULL, '2026-03-28', NULL, 20, 'ACTIVO', 0.00, 1260.00, NULL, NULL, 0.00, 2340.00, NULL, NULL, 0.00, 30),
(45, 17, 1, 45, 30000.00, 6000.00, 36000.00, 1800.00, NULL, NULL, '2026-03-27', NULL, 20, 'ACTIVO', 0.00, 6710.00, NULL, NULL, 0.00, 29290.00, NULL, NULL, 0.00, 30),
(46, 34, 1, 46, 4000.00, 800.00, 4800.00, 240.00, NULL, NULL, '2026-03-26', NULL, 20, 'PAGADO', 0.00, 0.00, '2026-04-18', NULL, 0.00, 4800.00, NULL, NULL, 0.00, 30),
(47, 54, 1, 47, 5000.00, 1000.00, 6000.00, 300.00, NULL, NULL, '2026-03-25', NULL, 20, 'ACTIVO', 0.00, 300.00, NULL, NULL, 0.00, 5700.00, NULL, NULL, 0.00, 30),
(48, 20, 1, 48, 3000.00, 600.00, 3600.00, 180.00, NULL, NULL, '2026-03-24', NULL, 20, 'PAGADO', 0.00, 0.00, '2026-04-18', NULL, 0.00, 3600.00, NULL, NULL, 0.00, 30),
(49, 64, 1, 49, 2000.00, 400.00, 2400.00, 120.00, NULL, NULL, '2026-03-24', NULL, 20, 'ACTIVO', 0.00, 600.00, NULL, NULL, 0.00, 1800.00, NULL, NULL, 0.00, 30),
(50, 89, 1, 50, 2000.00, 400.00, 2400.00, 120.00, NULL, NULL, '2026-03-24', NULL, 20, 'PAGADO', 0.00, 0.00, '2026-04-17', NULL, 0.00, 2400.00, NULL, NULL, 0.00, 30),
(51, 90, 1, 51, 2000.00, 400.00, 2400.00, 120.00, NULL, NULL, '2026-03-21', NULL, 20, 'PAGADO', 0.00, 0.00, '2026-04-17', NULL, 0.00, 2400.00, NULL, NULL, 0.00, 30),
(52, 11, 1, 52, 5000.00, 1000.00, 6000.00, 300.00, NULL, NULL, '2026-03-17', NULL, 20, 'PAGADO', 0.00, 0.00, '2026-04-17', NULL, 0.00, 6000.00, NULL, NULL, 0.00, 30),
(53, 37, 1, 53, 1000.00, 200.00, 1200.00, 60.00, NULL, NULL, '2026-04-13', NULL, 20, 'ACTIVO', 0.00, 990.00, NULL, NULL, 0.00, 210.00, NULL, NULL, 0.00, 30),
(54, 36, 1, 54, 3200.00, 0.00, 3200.00, 500.00, NULL, NULL, '2026-02-28', NULL, 7, 'ACTIVO', 0.00, 1320.00, NULL, NULL, 0.00, 1880.00, NULL, NULL, 0.00, 30),
(55, 29, 1, 55, 5000.00, 1000.00, 6000.00, 300.00, NULL, NULL, '2026-04-08', NULL, 20, 'ACTIVO', 0.00, 3300.00, NULL, NULL, 0.00, 2700.00, NULL, NULL, 0.00, 30),
(56, 97, 1, 56, 1000.00, 200.00, 1200.00, 60.00, NULL, NULL, '2026-04-10', NULL, 20, 'ACTIVO', 0.00, 900.00, NULL, NULL, 0.00, 300.00, NULL, NULL, 0.00, 30),
(57, 58, 1, 57, 5000.00, 1000.00, 6000.00, 300.00, NULL, NULL, '2026-04-08', NULL, 20, 'ACTIVO', 0.00, 4580.00, NULL, NULL, 0.00, 1420.00, NULL, NULL, 0.00, 30),
(58, 78, 1, 58, 12000.00, 2400.00, 14400.00, 720.00, NULL, NULL, '2026-03-24', NULL, 20, 'ACTIVO', 0.00, 5480.00, NULL, NULL, 0.00, 8920.00, NULL, NULL, 0.00, 30),
(59, 55, 1, 59, 15000.00, 3000.00, 18000.00, 900.00, NULL, NULL, '2026-03-27', NULL, 20, 'ACTIVO', 0.00, 15700.00, NULL, NULL, 0.00, 2300.00, NULL, NULL, 0.00, 30),
(60, 55, 1, 60, 15000.00, 3000.00, 18000.00, 900.00, NULL, NULL, '2026-03-26', NULL, 20, 'ACTIVO', 0.00, 13900.00, NULL, NULL, 0.00, 4100.00, NULL, NULL, 0.00, 30),
(61, 55, 1, 61, 25000.00, 5000.00, 30000.00, 1500.00, NULL, NULL, '2026-04-01', NULL, 20, 'ACTIVO', 0.00, 28500.00, NULL, NULL, 0.00, 1500.00, NULL, NULL, 0.00, 30),
(62, 61, 1, 62, 2000.00, 400.00, 2400.00, 120.00, NULL, NULL, '2026-02-19', NULL, 20, 'ACTIVO', 0.00, 1080.00, NULL, NULL, 0.00, 1320.00, NULL, NULL, 0.00, 30),
(63, 61, 1, 63, 5000.00, 1000.00, 6000.00, 300.00, NULL, NULL, '2026-03-05', NULL, 20, 'ACTIVO', 0.00, 4800.00, NULL, NULL, 0.00, 1200.00, NULL, NULL, 0.00, 30),
(64, 67, 1, 64, 5000.00, 1000.00, 6000.00, 300.00, NULL, NULL, '2026-04-14', NULL, 20, 'ACTIVO', 0.00, 5100.00, NULL, NULL, 0.00, 900.00, NULL, NULL, 0.00, 30),
(65, 30, 1, 65, 4000.00, 800.00, 4800.00, 240.00, NULL, NULL, '2026-04-11', NULL, 20, 'ACTIVO', 0.00, 3360.00, NULL, NULL, 0.00, 1440.00, NULL, NULL, 0.00, 30),
(66, 67, 1, 66, 4000.00, 800.00, 4800.00, 240.00, NULL, NULL, '2026-04-08', NULL, 20, 'ACTIVO', 0.00, 3550.00, NULL, NULL, 0.00, 1250.00, NULL, NULL, 0.00, 30),
(67, 66, 1, 67, 2500.00, 500.00, 3000.00, 150.00, NULL, NULL, '2026-04-01', NULL, 20, 'ACTIVO', 0.00, 2050.00, NULL, NULL, 0.00, 950.00, NULL, NULL, 0.00, 30),
(68, 14, 1, 68, 1000.00, 200.00, 1200.00, 60.00, NULL, NULL, '2026-03-31', NULL, 20, 'PAGADO', 0.00, 0.00, '2026-04-18', NULL, 0.00, 1200.00, NULL, NULL, 0.00, 30),
(69, 20, 1, 69, 1500.00, 300.00, 1800.00, 1799.99, NULL, NULL, '2026-04-11', NULL, 2, 'PAGADO', 0.00, 0.00, '2026-04-18', NULL, 0.00, 1800.00, NULL, NULL, 0.00, 30),
(70, 21, 1, 70, 1500.00, 300.00, 1800.00, 450.00, NULL, NULL, '2026-04-13', NULL, 4, 'ACTIVO', 0.00, 1800.00, NULL, NULL, 0.00, 0.00, NULL, NULL, 0.00, 30),
(71, 48, 1, 71, 3000.00, 600.00, 3600.00, 180.00, NULL, NULL, '2026-04-02', NULL, 20, 'ACTIVO', 0.00, 1660.00, NULL, NULL, 0.00, 1940.00, NULL, NULL, 0.00, 30),
(72, 48, 1, 72, 6000.00, 1200.00, 7200.00, 360.00, NULL, NULL, '2026-03-16', NULL, 20, 'PAGADO', 0.00, 0.00, '2026-04-18', NULL, 0.00, 7200.00, NULL, NULL, 0.00, 30),
(73, 91, 1, 73, 1500.00, 300.00, 1800.00, 90.00, NULL, NULL, '2026-02-28', NULL, 20, 'PAGADO', 0.00, 0.00, '2026-04-18', NULL, 0.00, 1800.00, NULL, NULL, 0.00, 30),
(74, 81, 1, 74, 5000.00, 1000.00, 6000.00, 300.00, NULL, NULL, '2026-04-06', NULL, 20, 'ACTIVO', 0.00, 3600.00, NULL, NULL, 0.00, 2400.00, NULL, NULL, 0.00, 30),
(75, 81, 1, 75, 1000.00, 200.00, 1200.00, 60.00, NULL, NULL, '2026-04-13', NULL, 20, 'ACTIVO', 0.00, 1080.00, NULL, NULL, 0.00, 120.00, NULL, NULL, 0.00, 30),
(76, 76, 1, 76, 5000.00, 1000.00, 6000.00, 300.00, NULL, NULL, '2026-03-28', NULL, 20, 'ACTIVO', 0.00, 2100.00, NULL, NULL, 0.00, 3900.00, NULL, NULL, 0.00, 30),
(77, 75, 1, 77, 3000.00, 600.00, 3600.00, 180.00, NULL, NULL, '2026-04-02', NULL, 20, 'ACTIVO', 0.00, 2520.00, NULL, NULL, 0.00, 1080.00, NULL, NULL, 0.00, 30),
(78, 102, 1, 78, 2000.00, 400.00, 2400.00, 120.00, NULL, NULL, '2026-04-15', NULL, 20, 'ACTIVO', 0.00, 2160.00, NULL, NULL, 0.00, 240.00, NULL, NULL, 0.00, 30),
(79, 22, 1, 79, 1500.00, 300.00, 1800.00, 90.00, NULL, NULL, '2026-04-15', NULL, 20, 'ACTIVO', 0.00, 1500.00, NULL, NULL, 0.00, 300.00, NULL, NULL, 0.00, 30),
(80, 43, 1, 80, 10000.00, 2000.00, 12000.00, 600.00, NULL, NULL, '2026-04-15', NULL, 20, 'ACTIVO', 0.00, 10800.00, NULL, NULL, 0.00, 1200.00, NULL, NULL, 0.00, 30),
(81, 11, 1, 81, 6000.00, 1200.00, 7200.00, 360.00, NULL, NULL, '2026-04-16', NULL, 20, 'ACTIVO', 0.00, 6840.00, NULL, NULL, 0.00, 360.00, NULL, NULL, 0.00, 30),
(82, 86, 1, 82, 3500.00, 700.00, 4200.00, 210.00, NULL, NULL, '2026-04-16', NULL, 20, 'ACTIVO', 0.00, 3990.00, NULL, NULL, 0.00, 210.00, NULL, NULL, 0.00, 30),
(83, 85, 1, 83, 1000.00, 200.00, 1200.00, 60.00, NULL, NULL, '2026-04-16', NULL, 20, 'ACTIVO', 0.00, 1080.00, NULL, NULL, 0.00, 120.00, NULL, NULL, 0.00, 30),
(84, 74, 1, 84, 3000.00, 600.00, 3600.00, 180.00, NULL, NULL, '2026-04-15', NULL, 20, 'ACTIVO', 0.00, 3240.00, NULL, NULL, 0.00, 360.00, NULL, NULL, 0.00, 30),
(85, 103, 1, 85, 3000.00, 600.00, 3600.00, 180.00, NULL, NULL, '2026-04-16', NULL, 20, 'ACTIVO', 0.00, 3420.00, NULL, NULL, 0.00, 180.00, NULL, NULL, 0.00, 30),
(86, 17, 1, 86, 60000.00, 12000.00, 72000.00, 3600.00, NULL, NULL, '2026-04-16', NULL, 20, 'ACTIVO', 0.00, 66200.00, NULL, NULL, 0.00, 5800.00, NULL, NULL, 0.00, 30),
(87, 12, 1, 87, 3000.00, 600.00, 3600.00, 180.00, NULL, NULL, '2026-04-14', NULL, 20, 'ACTIVO', 0.00, 2880.00, NULL, NULL, 0.00, 720.00, NULL, NULL, 0.00, 30),
(88, 2, 1, 88, 2000.00, 400.00, 2400.00, 120.00, NULL, NULL, '2026-04-14', NULL, 20, 'ACTIVO', 0.00, 1920.00, NULL, NULL, 0.00, 480.00, NULL, NULL, 0.00, 30),
(89, 89, 1, 89, 2000.00, 400.00, 2400.00, 120.00, NULL, NULL, '2026-04-17', NULL, 20, 'ACTIVO', 0.00, 2400.00, NULL, NULL, 0.00, 0.00, NULL, NULL, 0.00, 30),
(90, 104, 1, 90, 3000.00, 600.00, 3600.00, 180.00, NULL, NULL, '2026-04-17', NULL, 20, 'ACTIVO', 0.00, 3600.00, NULL, NULL, 0.00, 0.00, NULL, NULL, 0.00, 30),
(91, 89, 1, 91, 2000.00, 400.00, 2400.00, 120.00, NULL, NULL, '2026-04-17', NULL, 20, 'ACTIVO', 0.00, 2400.00, NULL, NULL, 0.00, 0.00, NULL, NULL, 0.00, 30);

-- --------------------------------------------------------

--
-- Estructura de tabla para la tabla `reestructuraciones`
--

CREATE TABLE `reestructuraciones` (
  `id_reestructuracion` int(11) NOT NULL,
  `id_prestamo` int(11) DEFAULT NULL,
  `monto_anterior` decimal(10,2) DEFAULT NULL,
  `nuevo_monto` decimal(10,2) DEFAULT NULL,
  `nueva_fecha_fin` date DEFAULT NULL,
  `motivo` text DEFAULT NULL,
  `usuario` varchar(50) DEFAULT NULL,
  `fecha` datetime DEFAULT current_timestamp()
) ENGINE=InnoDB DEFAULT CHARSET=utf8mb4 COLLATE=utf8mb4_general_ci;

-- --------------------------------------------------------

--
-- Estructura de tabla para la tabla `sesiones_activas`
--

CREATE TABLE `sesiones_activas` (
  `id_sesion` int(11) NOT NULL,
  `id_usuario` int(11) DEFAULT NULL,
  `ip` varchar(45) DEFAULT NULL,
  `dispositivo` varchar(150) DEFAULT NULL,
  `fecha_inicio` datetime DEFAULT current_timestamp(),
  `fecha_expiracion` datetime DEFAULT NULL
) ENGINE=InnoDB DEFAULT CHARSET=utf8mb4 COLLATE=utf8mb4_general_ci;

-- --------------------------------------------------------

--
-- Estructura de tabla para la tabla `solicitudes`
--

CREATE TABLE `solicitudes` (
  `id_solicitud` int(11) NOT NULL,
  `id_cliente` int(11) NOT NULL,
  `id_empleado` int(11) NOT NULL,
  `monto_solicitado` decimal(10,2) NOT NULL,
  `tipo_plazo` enum('DIARIO','SEMANAL') NOT NULL DEFAULT 'DIARIO',
  `plazo_valor` int(11) NOT NULL,
  `motivo` text DEFAULT NULL,
  `score_cliente` decimal(5,2) DEFAULT NULL,
  `estado` enum('PENDIENTE','APROBADA','RECHAZADA','CANCELADA') NOT NULL DEFAULT 'PENDIENTE',
  `fecha_solicitud` datetime NOT NULL DEFAULT current_timestamp(),
  `fecha_resolucion` datetime DEFAULT NULL,
  `resuelto_por` varchar(100) DEFAULT NULL,
  `observaciones_resolucion` text DEFAULT NULL,
  `id_prestamo` int(11) DEFAULT NULL
) ENGINE=InnoDB DEFAULT CHARSET=utf8mb4 COLLATE=utf8mb4_general_ci;

-- --------------------------------------------------------

--
-- Estructura de tabla para la tabla `sucursales`
--

CREATE TABLE `sucursales` (
  `id_sucursal` int(11) NOT NULL,
  `nombre` varchar(100) NOT NULL,
  `direccion` varchar(150) DEFAULT NULL,
  `telefono` varchar(20) DEFAULT NULL,
  `estatus` enum('ACTIVA','INACTIVA') DEFAULT 'ACTIVA'
) ENGINE=InnoDB DEFAULT CHARSET=utf8mb4 COLLATE=utf8mb4_general_ci;

-- --------------------------------------------------------

--
-- Estructura de tabla para la tabla `usuarios`
--

CREATE TABLE `usuarios` (
  `id_usuario` int(11) NOT NULL,
  `usuario` varchar(50) DEFAULT NULL,
  `password` varchar(100) DEFAULT NULL,
  `rol` enum('GERENTE','SUPERVISOR','ASESOR','CAJERO','CAPTURISTA') DEFAULT NULL,
  `id_empleado` int(11) DEFAULT NULL,
  `estatus` enum('ACTIVO','INACTIVO') DEFAULT 'ACTIVO',
  `ultimo_acceso` datetime DEFAULT NULL,
  `intentos_fallidos` int(11) DEFAULT 0,
  `bloqueado_hasta` datetime DEFAULT NULL
) ENGINE=InnoDB DEFAULT CHARSET=utf8mb4 COLLATE=utf8mb4_general_ci;

--
-- Volcado de datos para la tabla `usuarios`
--

INSERT INTO `usuarios` (`id_usuario`, `usuario`, `password`, `rol`, `id_empleado`, `estatus`, `ultimo_acceso`, `intentos_fallidos`, `bloqueado_hasta`) VALUES
(1, 'admin', '$2y$10$fwx/piBWrEPSPVPB3/sKXOHcPwV3K95qqsrb78Yrp3KNGfG2Mk74G', 'GERENTE', 2, 'ACTIVO', NULL, 0, NULL),
(2, 'omar1', '$2y$10$Gj4pnRW7uI2WcZ9qpwzVveIp51PIpKMTJbZoPbogp3Q3IMKLie.7i', 'ASESOR', 1, 'ACTIVO', NULL, 0, NULL),
(3, 'Jaramillo', '$2y$10$y2JkzNd6q3ph6mhBcyB5HuqPHab5o8h4ulTWQ/jrLPNiVLP7dJbvq', 'GERENTE', NULL, 'ACTIVO', NULL, 0, NULL),
(4, 'josue1', '$2y$10$y2JkzNd6q3ph6mhBcyB5HuqPHab5o8h4ulTWQ/jrLPNiVLP7dJbvq', 'SUPERVISOR', 3, 'ACTIVO', NULL, 0, NULL),
(5, 'arturo1', '$2y$10$v2dHddtQC6oREqVgrqvx9e.J3Il6.hg8gvSdoVUKFPqVrQijYlOjW', 'SUPERVISOR', 4, 'ACTIVO', NULL, 0, NULL),
(6, 'manuel1', '$2y$10$7iPDQvyv1hpnZD0IHJsLP.z2a15jLBPBhjsZEzenlCPrGA6O0cnyq', 'ASESOR', 5, 'ACTIVO', NULL, 0, NULL),
(7, 'julio1', '$2y$10$rDtxSF0CrbVr.XhqHB503.or.jxVJry6V2x4GFOZSOi43HzpQ.UHO', 'ASESOR', 6, 'ACTIVO', NULL, 0, NULL),
(8, 'jorge1', '$2y$10$NR5XCUMdh264jhzTuGqv2.LL4CdpzP1VCf55ZL6INvG6olgt32T.u', 'ASESOR', 7, 'ACTIVO', NULL, 0, NULL),
(9, 'fernando1', '$2y$10$/Vmig/s17o1jDYBDyllUg.j5mxVTqxplQF4n8PUYsOU4G9H8BFvny', 'ASESOR', 8, 'ACTIVO', NULL, 0, NULL),
(10, 'efrain1', '$2y$10$IAbZJhO/wIrVtI41voUTTuzr36brRJrWMltNmDv3sXb9WSq3K7R1e', 'ASESOR', 9, 'ACTIVO', NULL, 0, NULL),
(11, 'jonathan', '$2y$10$fwx/piBWrEPSPVPB3/sKXOHcPwV3K95qqsrb78Yrp3KNGfG2Mk74G', 'ASESOR', 10, 'ACTIVO', NULL, 0, NULL),
(12, 'arturo2', '$2y$10$52YEV3krWm1disQ4waLwCO3ZgZHF3jcGRwTqMF23LzTqXXU7vslBe', 'ASESOR', 11, 'ACTIVO', NULL, 0, NULL),
(13, 'pablo1', '$2y$10$SLoJeAfYwNno1ASM9tSDEuMPkdIZ1ldaT6VnQHMOaxrqxHCcVRifS', 'ASESOR', 12, 'INACTIVO', NULL, 0, NULL),
(14, 'antonio1', '$2y$10$d/CzSFwIQgcCZjPpbaE.Bedkf8c7lMgiSoowKcK4W.QnIZ2T3kdlu', 'ASESOR', 13, 'ACTIVO', NULL, 0, NULL),
(15, 'carlos1', '$2y$10$Q4eYaIYRXHxb7FHtKu3gP.u0wW0jG7UGfKyl/LCJLTuKYgogqXp.S', 'ASESOR', 14, 'ACTIVO', NULL, 0, NULL),
(16, 'josue2', '$2y$10$qOAqumacSuDX35jBCa1tqOzVoH36BggSWoXjKIcFTtFeF2SLkg0MW', 'ASESOR', 15, 'ACTIVO', NULL, 0, NULL),
(17, 'francisco', '$2y$10$DT1aDZcHtxyg.U6SH.7Sf.Xwwdb91SYyRbVkSQRm9BMtlqLQ.eTaC', 'ASESOR', 16, 'ACTIVO', NULL, 0, NULL),
(18, 'admin1', '$2y$10$BFnEDbtFzKveqTJq8A1DkO.aZike30MX7hj/nt6flMI/wyxV3Q2UW', 'ASESOR', 17, 'ACTIVO', NULL, 0, NULL);

-- --------------------------------------------------------

--
-- Estructura Stand-in para la vista `vista_cobranza_hoy`
-- (Véase abajo para la vista actual)
--
CREATE TABLE `vista_cobranza_hoy` (
`id_prestamo` int(11)
,`nombre` varchar(50)
,`pago_diario` decimal(10,2)
);

-- --------------------------------------------------------

--
-- Estructura para la vista `vista_cobranza_hoy`
--
DROP TABLE IF EXISTS `vista_cobranza_hoy`;

CREATE ALGORITHM=UNDEFINED DEFINER=`root`@`localhost` SQL SECURITY DEFINER VIEW `vista_cobranza_hoy`  AS SELECT `p`.`id_prestamo` AS `id_prestamo`, `c`.`nombre` AS `nombre`, `p`.`pago_diario` AS `pago_diario` FROM (`prestamos` `p` join `clientes` `c` on(`c`.`id_cliente` = `p`.`id_cliente`)) WHERE `p`.`estado` = 'ACTIVO' ;

--
-- Índices para tablas volcadas
--

--
-- Indices de la tabla `auditoria_prestamos`
--
ALTER TABLE `auditoria_prestamos`
  ADD PRIMARY KEY (`id_auditoria`),
  ADD KEY `id_prestamo` (`id_prestamo`);

--
-- Indices de la tabla `bitacora`
--
ALTER TABLE `bitacora`
  ADD PRIMARY KEY (`id_bitacora`);

--
-- Indices de la tabla `caja`
--
ALTER TABLE `caja`
  ADD PRIMARY KEY (`id_caja`),
  ADD KEY `idx_caja_empleado_fecha` (`id_empleado`,`fecha`);

--
-- Indices de la tabla `caja_apertura`
--
ALTER TABLE `caja_apertura`
  ADD PRIMARY KEY (`id_apertura`);

--
-- Indices de la tabla `caja_control`
--
ALTER TABLE `caja_control`
  ADD PRIMARY KEY (`id_caja`);

--
-- Indices de la tabla `caja_corte`
--
ALTER TABLE `caja_corte`
  ADD PRIMARY KEY (`id_corte`),
  ADD UNIQUE KEY `unico_corte` (`id_empleado`,`fecha`);

--
-- Indices de la tabla `caja_entrega`
--
ALTER TABLE `caja_entrega`
  ADD PRIMARY KEY (`id_entrega`),
  ADD UNIQUE KEY `unico_dia` (`id_empleado`,`fecha`);

--
-- Indices de la tabla `caja_gastos`
--
ALTER TABLE `caja_gastos`
  ADD PRIMARY KEY (`id_gasto`);

--
-- Indices de la tabla `clientes`
--
ALTER TABLE `clientes`
  ADD PRIMARY KEY (`id_cliente`),
  ADD KEY `fk_clientes_usuario` (`id_usuario`),
  ADD KEY `fk_clientes_asesor_empleado` (`id_asesor`),
  ADD KEY `idx_estatus` (`estatus`),
  ADD KEY `idx_clientes_asesor_estatus` (`id_asesor`,`estatus`);

--
-- Indices de la tabla `configuracion_financiera`
--
ALTER TABLE `configuracion_financiera`
  ADD PRIMARY KEY (`id_config`);

--
-- Indices de la tabla `documentos_cliente`
--
ALTER TABLE `documentos_cliente`
  ADD PRIMARY KEY (`id_doc`),
  ADD KEY `id_cliente` (`id_cliente`);

--
-- Indices de la tabla `empleados`
--
ALTER TABLE `empleados`
  ADD PRIMARY KEY (`id_empleado`);

--
-- Indices de la tabla `historial_cambio_asesor`
--
ALTER TABLE `historial_cambio_asesor`
  ADD PRIMARY KEY (`id`);

--
-- Indices de la tabla `historial_clientes`
--
ALTER TABLE `historial_clientes`
  ADD PRIMARY KEY (`id_historial`);

--
-- Indices de la tabla `historial_empleados`
--
ALTER TABLE `historial_empleados`
  ADD PRIMARY KEY (`id_historial`);

--
-- Indices de la tabla `historial_visitas`
--
ALTER TABLE `historial_visitas`
  ADD PRIMARY KEY (`id_visita`),
  ADD KEY `id_prestamo` (`id_prestamo`),
  ADD KEY `id_cliente` (`id_cliente`),
  ADD KEY `id_empleado` (`id_empleado`);

--
-- Indices de la tabla `pagos`
--
ALTER TABLE `pagos`
  ADD PRIMARY KEY (`id_pago`),
  ADD KEY `idx_pagos_prestamo` (`id_prestamo`),
  ADD KEY `idx_prestamo_fecha` (`id_prestamo`,`fecha_pago`),
  ADD KEY `idx_pagos_prestamo_fecha` (`id_prestamo`,`fecha_pago`);

--
-- Indices de la tabla `prestamos`
--
ALTER TABLE `prestamos`
  ADD PRIMARY KEY (`id_prestamo`),
  ADD KEY `id_cliente` (`id_cliente`),
  ADD KEY `id_empleado` (`id_empleado`),
  ADD KEY `idx_estado` (`estado`),
  ADD KEY `idx_fecha_inicio` (`fecha_inicio`),
  ADD KEY `idx_prestamos_empleado_estado` (`id_empleado`,`estado`);

--
-- Indices de la tabla `reestructuraciones`
--
ALTER TABLE `reestructuraciones`
  ADD PRIMARY KEY (`id_reestructuracion`);

--
-- Indices de la tabla `sesiones_activas`
--
ALTER TABLE `sesiones_activas`
  ADD PRIMARY KEY (`id_sesion`);

--
-- Indices de la tabla `solicitudes`
--
ALTER TABLE `solicitudes`
  ADD PRIMARY KEY (`id_solicitud`),
  ADD KEY `fk_sol_cliente` (`id_cliente`),
  ADD KEY `fk_sol_empleado` (`id_empleado`),
  ADD KEY `fk_sol_prestamo` (`id_prestamo`);

--
-- Indices de la tabla `sucursales`
--
ALTER TABLE `sucursales`
  ADD PRIMARY KEY (`id_sucursal`);

--
-- Indices de la tabla `usuarios`
--
ALTER TABLE `usuarios`
  ADD PRIMARY KEY (`id_usuario`),
  ADD UNIQUE KEY `usuario` (`usuario`);

--
-- AUTO_INCREMENT de las tablas volcadas
--

--
-- AUTO_INCREMENT de la tabla `auditoria_prestamos`
--
ALTER TABLE `auditoria_prestamos`
  MODIFY `id_auditoria` int(11) NOT NULL AUTO_INCREMENT;

--
-- AUTO_INCREMENT de la tabla `bitacora`
--
ALTER TABLE `bitacora`
  MODIFY `id_bitacora` int(11) NOT NULL AUTO_INCREMENT, AUTO_INCREMENT=4;

--
-- AUTO_INCREMENT de la tabla `caja`
--
ALTER TABLE `caja`
  MODIFY `id_caja` int(11) NOT NULL AUTO_INCREMENT, AUTO_INCREMENT=823;

--
-- AUTO_INCREMENT de la tabla `caja_apertura`
--
ALTER TABLE `caja_apertura`
  MODIFY `id_apertura` int(11) NOT NULL AUTO_INCREMENT;

--
-- AUTO_INCREMENT de la tabla `caja_control`
--
ALTER TABLE `caja_control`
  MODIFY `id_caja` int(11) NOT NULL AUTO_INCREMENT;

--
-- AUTO_INCREMENT de la tabla `caja_corte`
--
ALTER TABLE `caja_corte`
  MODIFY `id_corte` int(11) NOT NULL AUTO_INCREMENT, AUTO_INCREMENT=12;

--
-- AUTO_INCREMENT de la tabla `caja_entrega`
--
ALTER TABLE `caja_entrega`
  MODIFY `id_entrega` int(11) NOT NULL AUTO_INCREMENT, AUTO_INCREMENT=27;

--
-- AUTO_INCREMENT de la tabla `caja_gastos`
--
ALTER TABLE `caja_gastos`
  MODIFY `id_gasto` int(11) NOT NULL AUTO_INCREMENT, AUTO_INCREMENT=2;

--
-- AUTO_INCREMENT de la tabla `clientes`
--
ALTER TABLE `clientes`
  MODIFY `id_cliente` int(11) NOT NULL AUTO_INCREMENT, AUTO_INCREMENT=105;

--
-- AUTO_INCREMENT de la tabla `configuracion_financiera`
--
ALTER TABLE `configuracion_financiera`
  MODIFY `id_config` int(11) NOT NULL AUTO_INCREMENT;

--
-- AUTO_INCREMENT de la tabla `documentos_cliente`
--
ALTER TABLE `documentos_cliente`
  MODIFY `id_doc` int(11) NOT NULL AUTO_INCREMENT, AUTO_INCREMENT=5;

--
-- AUTO_INCREMENT de la tabla `empleados`
--
ALTER TABLE `empleados`
  MODIFY `id_empleado` int(11) NOT NULL AUTO_INCREMENT, AUTO_INCREMENT=18;

--
-- AUTO_INCREMENT de la tabla `historial_cambio_asesor`
--
ALTER TABLE `historial_cambio_asesor`
  MODIFY `id` int(11) NOT NULL AUTO_INCREMENT;

--
-- AUTO_INCREMENT de la tabla `historial_clientes`
--
ALTER TABLE `historial_clientes`
  MODIFY `id_historial` int(11) NOT NULL AUTO_INCREMENT, AUTO_INCREMENT=23;

--
-- AUTO_INCREMENT de la tabla `historial_empleados`
--
ALTER TABLE `historial_empleados`
  MODIFY `id_historial` int(11) NOT NULL AUTO_INCREMENT, AUTO_INCREMENT=30;

--
-- AUTO_INCREMENT de la tabla `historial_visitas`
--
ALTER TABLE `historial_visitas`
  MODIFY `id_visita` int(11) NOT NULL AUTO_INCREMENT, AUTO_INCREMENT=2;

--
-- AUTO_INCREMENT de la tabla `pagos`
--
ALTER TABLE `pagos`
  MODIFY `id_pago` int(11) NOT NULL AUTO_INCREMENT, AUTO_INCREMENT=744;

--
-- AUTO_INCREMENT de la tabla `prestamos`
--
ALTER TABLE `prestamos`
  MODIFY `id_prestamo` int(11) NOT NULL AUTO_INCREMENT, AUTO_INCREMENT=92;

--
-- AUTO_INCREMENT de la tabla `reestructuraciones`
--
ALTER TABLE `reestructuraciones`
  MODIFY `id_reestructuracion` int(11) NOT NULL AUTO_INCREMENT;

--
-- AUTO_INCREMENT de la tabla `sesiones_activas`
--
ALTER TABLE `sesiones_activas`
  MODIFY `id_sesion` int(11) NOT NULL AUTO_INCREMENT;

--
-- AUTO_INCREMENT de la tabla `solicitudes`
--
ALTER TABLE `solicitudes`
  MODIFY `id_solicitud` int(11) NOT NULL AUTO_INCREMENT;

--
-- AUTO_INCREMENT de la tabla `sucursales`
--
ALTER TABLE `sucursales`
  MODIFY `id_sucursal` int(11) NOT NULL AUTO_INCREMENT;

--
-- AUTO_INCREMENT de la tabla `usuarios`
--
ALTER TABLE `usuarios`
  MODIFY `id_usuario` int(11) NOT NULL AUTO_INCREMENT, AUTO_INCREMENT=19;

--
-- Restricciones para tablas volcadas
--

--
-- Filtros para la tabla `clientes`
--
ALTER TABLE `clientes`
  ADD CONSTRAINT `fk_clientes_asesor_empleado` FOREIGN KEY (`id_asesor`) REFERENCES `empleados` (`id_empleado`),
  ADD CONSTRAINT `fk_clientes_usuario` FOREIGN KEY (`id_usuario`) REFERENCES `usuarios` (`id_usuario`);

--
-- Filtros para la tabla `documentos_cliente`
--
ALTER TABLE `documentos_cliente`
  ADD CONSTRAINT `documentos_cliente_ibfk_1` FOREIGN KEY (`id_cliente`) REFERENCES `clientes` (`id_cliente`) ON DELETE CASCADE;

--
-- Filtros para la tabla `historial_visitas`
--
ALTER TABLE `historial_visitas`
  ADD CONSTRAINT `historial_visitas_ibfk_1` FOREIGN KEY (`id_prestamo`) REFERENCES `prestamos` (`id_prestamo`),
  ADD CONSTRAINT `historial_visitas_ibfk_2` FOREIGN KEY (`id_cliente`) REFERENCES `clientes` (`id_cliente`),
  ADD CONSTRAINT `historial_visitas_ibfk_3` FOREIGN KEY (`id_empleado`) REFERENCES `empleados` (`id_empleado`);

--
-- Filtros para la tabla `pagos`
--
ALTER TABLE `pagos`
  ADD CONSTRAINT `pagos_ibfk_1` FOREIGN KEY (`id_prestamo`) REFERENCES `prestamos` (`id_prestamo`);

--
-- Filtros para la tabla `prestamos`
--
ALTER TABLE `prestamos`
  ADD CONSTRAINT `prestamos_ibfk_1` FOREIGN KEY (`id_cliente`) REFERENCES `clientes` (`id_cliente`),
  ADD CONSTRAINT `prestamos_ibfk_2` FOREIGN KEY (`id_empleado`) REFERENCES `empleados` (`id_empleado`);

--
-- Filtros para la tabla `solicitudes`
--
ALTER TABLE `solicitudes`
  ADD CONSTRAINT `fk_sol_cliente` FOREIGN KEY (`id_cliente`) REFERENCES `clientes` (`id_cliente`),
  ADD CONSTRAINT `fk_sol_empleado` FOREIGN KEY (`id_empleado`) REFERENCES `empleados` (`id_empleado`),
  ADD CONSTRAINT `fk_sol_prestamo` FOREIGN KEY (`id_prestamo`) REFERENCES `prestamos` (`id_prestamo`);

DELIMITER $$
--
-- Eventos
--
CREATE DEFINER=`root`@`localhost` EVENT `ev_calcular_mora` ON SCHEDULE EVERY 1 DAY STARTS '2026-02-20 21:31:30' ON COMPLETION NOT PRESERVE ENABLE DO BEGIN

    UPDATE prestamos
    SET 
        estado = 'ATRASADO',
        mora_acumulada = DATEDIFF(CURDATE(), fecha_fin) * 5
    WHERE 
        estado = 'ACTIVO'
        AND CURDATE() > fecha_fin
        AND saldo_actual > 0;

END$$

DELIMITER ;
COMMIT;

/*!40101 SET CHARACTER_SET_CLIENT=@OLD_CHARACTER_SET_CLIENT */;
/*!40101 SET CHARACTER_SET_RESULTS=@OLD_CHARACTER_SET_RESULTS */;
/*!40101 SET COLLATION_CONNECTION=@OLD_COLLATION_CONNECTION */;
